Plant Names,Metabolites/ Molecules,Canonical SMILES,Formula,MW,#Heavy atoms,#Aromatic heavy atoms,Fraction Csp3,#Rotatable bonds,#H-bond acceptors,#H-bond donors,MR,TPSA,iLOGP,XLOGP3,WLOGP,MLOGP,Silicos-IT Log P,Consensus Log P,ESOL Log S,ESOL Solubility (mg/ml),ESOL Solubility (mol/l),ESOL Class,Ali Log S,Ali Solubility (mg/ml),Ali Solubility (mol/l),Ali Class,Silicos-IT LogSw,Silicos-IT Solubility (mg/ml),Silicos-IT Solubility (mol/l),Silicos-IT class,GI absorption,BBB permeant,Pgp substrate,CYP1A2 inhibitor,CYP2C19 inhibitor,CYP2C9 inhibitor,CYP2D6 inhibitor,CYP3A4 inhibitor,log Kp (cm/s),Lipinski #violations,Ghose #violations,Veber #violations,Egan #violations,Muegge #violations,Bioavailability Score,PAINS #alerts,Brenk #alerts,Leadlikeness #violations,Synthetic Accessibility
Capsicum annuum,p-Coumaric acid,OC(=O)/C=C/c1ccc(cc1)O,C9H8O3,164.16,12,6,0,2,3,2,45.13,57.53,0.95,1.46,1.38,1.28,1.22,1.26,-2.02,1.58E+00,9.65E-03,Soluble,-2.27,8.73E-01,5.32E-03,Soluble,-1.28,8.67E+00,5.28E-02,Soluble,High,Yes,No,No,No,No,No,No,-6.26,0,0,0,0,1,0.85,0,1,1,1.61
Capsicum annuum,Lariciresinol,OC[C@H]1[C@H](CO[C@@H]1c1ccc(c(c1)OC)O)Cc1ccc(c(c1)OC)O,C20H24O6,360.4,26,12,0.4,6,6,3,97.09,88.38,3.17,2.4,2.33,1.17,2.86,2.39,-3.53,1.06E-01,2.94E-04,Soluble,-3.9,4.56E-02,1.27E-04,Soluble,-4.37,1.55E-02,4.31E-05,Moderately soluble,High,No,Yes,No,No,No,Yes,No,-6.79,0,0,0,0,0,0.55,0,0,1,3.94
Capsicum annuum,Luteolin,Oc1cc(O)c2c(c1)oc(cc2=O)c1ccc(c(c1)O)O,C15H10O6,286.24,21,16,0,1,6,4,76.01,111.13,1.86,2.53,2.28,-0.03,2.03,1.73,-3.71,5.63E-02,1.97E-04,Soluble,-4.51,8.84E-03,3.09E-05,Moderately soluble,-3.82,4.29E-02,1.50E-04,Soluble,High,No,No,Yes,No,No,Yes,Yes,-6.25,0,0,0,0,0,0.55,1,1,0,3.02
Capsicum annuum,Taxifolin,Oc1cc2O[C@H](c3ccc(c(c3)O)O)[C@H](C(=O)c2c(c1)O)O,C15H12O7,304.25,22,12,0.13,1,7,5,74.76,127.45,0.71,0.95,0.86,-0.64,0.66,0.51,-2.66,6.62E-01,2.18E-03,Soluble,-3.21,1.86E-01,6.12E-04,Soluble,-2.03,2.87E+00,9.42E-03,Soluble,High,No,No,No,No,No,No,No,-7.48,0,0,0,0,0,0.55,1,1,0,3.51
Capsicum annuum,Chorismate,O[C@@H]1C=CC(=C[C@H]1OC(=C)C(=O)O)C(=O)O,C10H10O6,226.18,16,0,0.2,4,6,3,52.44,104.06,1.05,0.21,-0.09,-0.75,-0.88,-0.09,-1.11,1.75E+01,7.75E-02,Very soluble,-1.95,2.51E+00,1.11E-02,Very soluble,1.26,4.15E+03,1.84E+01,Soluble,High,No,No,No,No,No,No,No,-7.53,0,0,0,0,0,0.56,0,2,1,4.46
Capsicum annuum,beta-Citraurin,O=C/C(=C/C=C/C(=C/C=C/C=C(/C=C/C=C(/C=C/C1=C(C)C[C@H](CC1(C)C)O)\C)\C)/C)/C,C30H40O2,432.64,32,0,0.37,9,2,1,141.05,37.3,1.05,0.21,7.69,-0.75,-0.88,-0.09,-1.11,1.75E+01,7.75E-02,Very soluble,-1.95,2.51E+00,1.11E-02,Very soluble,1.26,4.15E+03,1.84E+01,Soluble,High,No,No,No,No,No,No,No,-7.53,0,0,0,0,0,0.56,0,2,1,4.46
Capsicum annuum,Geranylgeranyl diphosphate,C/C(=C\CC/C(=C/COP(=O)(OP(=O)(O)O)O)/C)/CC/C=C(/CCC=C(C)C)\C,C20H36O7P2,450.44,29,0,0.6,14,7,3,119.34,132.91,1.05,0.21,6.36,-0.75,-0.88,-0.09,-1.11,1.75E+01,7.75E-02,Very soluble,-1.95,2.51E+00,1.11E-02,Very soluble,1.26,4.15E+03,1.84E+01,Soluble,High,No,No,No,No,No,No,No,-7.53,0,0,0,0,0,0.56,0,2,1,4.46
Capsicum annuum,Canusesnol A,O=C1C=C[C@]2(C(=C1C)C[C@](CC2)(O)C(O)(C)C)C,C15H22O3,250.33,18,0,0.67,1,3,2,71.38,57.53,2.49,1.24,2.13,1.66,2.52,2.01,-2.11,1.96E+00,7.81E-03,Soluble,-2.05,2.25E+00,8.99E-03,Soluble,-2.48,8.35E-01,3.33E-03,Soluble,High,Yes,No,No,No,No,No,No,-6.95,0,0,0,0,0,0.55,0,0,0,4.16
Capsicum annuum,Canusesnol B,O=C1C=C[C@@]([C@]2([C@@]1(C)CC[C@H](C2)C(O)(C)C)O)(C)O,C15H24O4,268.35,19,0,0.8,1,4,3,73.06,77.76,1.86,0.25,1.18,0.9,1.64,1.17,-1.6,6.81E+00,2.54E-02,Very soluble,-1.44,9.66E+00,3.60E-02,Very soluble,-1.69,5.53E+00,2.06E-02,Soluble,High,No,Yes,No,No,No,No,No,-7.76,0,0,0,0,0,0.55,0,0,0,4.63
Capsicum annuum,Canusesnol C,O=C1C=C(C)[C@]2([C@@]([C@H]1O)(C)CC[C@H](C2)C(O)(C)C)O,C15H24O4,268.35,19,0,0.8,1,4,3,73.02,77.76,1.5,0.3,1.18,0.9,1.64,1.11,-1.63,6.34E+00,2.36E-02,Very soluble,-1.5,8.57E+00,3.20E-02,Very soluble,-1.69,5.53E+00,2.06E-02,Soluble,High,No,Yes,No,No,No,No,No,-7.72,0,0,0,0,0,0.55,0,0,0,4.51
Capsicum annuum,Canusesnol D,O[C@@H]1C=C[C@@]([C@H]2[C@@]1(C)CC[C@H](C2)C(O)(C)C)(C)O,C15H26O3,254.37,18,0,0.87,1,3,3,72.82,60.69,2.5,1.29,1.86,1.86,1.55,1.81,-2.16,1.74E+00,6.86E-03,Soluble,-2.16,1.74E+00,6.85E-03,Soluble,-1.35,1.13E+01,4.46E-02,Soluble,High,Yes,No,No,No,No,No,No,-6.94,0,0,0,0,0,0.55,0,1,0,4.75
Capsicum annuum,Canusesnol E,CC(=C)[C@@H]1CC[C@@]2([C@](C1)(O)C(=C)[C@H](C[C@H]2O)O)C,C15H24O3,252.35,18,0,0.73,1,3,3,72.31,60.69,2.54,1.53,1.78,1.75,2.11,1.94,-2.3,1.26E+00,4.98E-03,Soluble,-2.41,9.74E-01,3.86E-03,Soluble,-1.83,3.74E+00,1.48E-02,Soluble,High,Yes,No,No,No,No,No,No,-6.75,0,0,0,0,0,0.55,0,1,0,4
Capsicum annuum,Canusesnol F,C=C([C@@H]1CC=C2[C@@](C1)(C)[C@H](C)[C@@H](C[C@@H]2O)O)C(=O)O,C15H22O4,266.33,19,0,0.67,2,4,3,72.88,77.76,1.78,1.48,1.73,1.62,1.26,1.57,-2.29,1.36E+00,5.11E-03,Soluble,-2.72,5.08E-01,1.91E-03,Soluble,-0.92,3.20E+01,1.20E-01,Soluble,High,No,No,No,No,No,No,No,-6.87,0,0,0,0,0,0.56,0,2,0,4.53
Capsicum annuum,Canusesnol G,OC[C@@]([C@@H]1CC=C2[C@@](C1)(C)[C@H](C)[C@@H](CC2)O)(O)C,C15H26O3,254.37,18,0,0.87,2,3,3,72.78,60.69,2.41,1.33,1.86,1.86,1.84,1.86,-2.12,1.92E+00,7.53E-03,Soluble,-2.21,1.58E+00,6.23E-03,Soluble,-1.6,6.40E+00,2.52E-02,Soluble,High,Yes,No,No,No,No,No,No,-6.91,0,0,0,0,0,0.55,0,1,0,4.52
Capsicum annuum,Canusesnol H,CC(=O)[C@@H]1CC=C2[C@@](C1)(C)[C@H](C)[C@@H](C[C@H]2O)O,C14H22O3,238.32,17,0,0.79,1,3,2,66.97,57.53,2.08,0.77,1.68,1.5,1.65,1.54,-1.74,4.37E+00,1.83E-02,Very soluble,-1.56,6.59E+00,2.76E-02,Very soluble,-1.44,8.63E+00,3.62E-02,Soluble,High,Yes,No,No,No,No,No,No,-7.21,0,0,0,0,0,0.55,0,1,1,4.44
Capsicum annuum,Canusesnol I,OC[C@H]1C[C@@H](O)C[C@H]([C@@]21CC[C@@H](C2)C(=C)C)C,C15H26O2,238.37,17,0,0.87,2,2,2,71.58,40.46,2.64,3.5,2.75,2.74,2.62,2.85,-3.39,9.69E-02,4.07E-04,Soluble,-4.03,2.21E-02,9.27E-05,Moderately soluble,-2.21,1.49E+00,6.24E-03,Soluble,High,Yes,No,No,No,No,No,No,-5.27,0,0,0,0,0,0.55,0,1,1,4.26
Capsicum annuum,Canusesnol J,OCC(=C)[C@H]1CC[C@@]2(C1)[C@H](C)CC(=O)C=C2CO,C15H22O3,250.33,18,0,0.67,3,3,2,71.31,57.53,2.4,1.47,1.85,1.66,2.59,1.99,-2.12,1.90E+00,7.58E-03,Soluble,-2.28,1.30E+00,5.19E-03,Soluble,-2.32,1.19E+00,4.76E-03,Soluble,High,Yes,No,No,No,No,No,No,-6.78,0,0,0,0,0,0.55,0,1,0,4.47
Daphne oleoides,Syringin,OC/C=C/c1cc(OC)c(c(c1)OC)O[C@@H]1O[C@@H](CO)[C@@H]([C@@H]([C@H]1O)O)O,C17H24O9,372.37,26,6,0.53,7,9,5,89.63,138.07,2.11,-1.31,-1.22,-1.59,-0.13,-0.43,-1.03,3.46E+01,9.29E-02,Very soluble,-1.09,3.02E+01,8.10E-02,Very soluble,-0.34,1.71E+02,4.58E-01,Soluble,Low,No,No,No,No,No,No,No,-9.5,0,1,0,1,0,0.55,0,0,1,4.74
Daphne oleoides,(-)-Matairesinol,COc1cc(ccc1O)C[C@H]1C(=O)OC[C@@H]1Cc1ccc(c(c1)OC)O,C20H22O6,358.39,26,12,0.35,6,6,2,96.13,85.22,2.47,3.26,2.69,1.9,3.45,2.75,-4.06,3.11E-02,8.68E-05,Moderately soluble,-4.72,6.77E-03,1.89E-05,Moderately soluble,-5.06,3.11E-03,8.67E-06,Moderately soluble,High,No,No,No,No,No,Yes,Yes,-6.17,0,0,0,0,0,0.55,0,0,1,3.3
Daphne oleoides,(+)-Eudesmin,COc1cc(ccc1OC)[C@H]1OC[C@H]2[C@@H]1CO[C@@H]2c1ccc(c(c1)OC)OC,C22H26O6,386.44,28,12,0.45,6,6,0,103.84,55.38,3.85,2.94,3.15,1.61,3.73,3.06,-4.01,3.78E-02,9.79E-05,Moderately soluble,-3.77,6.64E-02,1.72E-04,Soluble,-5.58,1.02E-03,2.65E-06,Moderately soluble,High,Yes,No,No,No,No,Yes,Yes,-6.57,0,0,0,0,0,0.55,0,0,1,4.22
Daphne oleoides,Medioresinol,COc1cc(ccc1O)[C@H]1OC[C@H]2[C@@H]1CO[C@@H]2c1cc(OC)c(c(c1)OC)O,C21H24O7,388.41,28,12,0.43,5,7,2,101.39,86.61,3.29,2.25,2.55,0.86,2.71,2.33,-3.65,8.64E-02,2.22E-04,Soluble,-3.7,7.66E-02,1.97E-04,Soluble,-4.3,1.96E-02,5.04E-05,Moderately soluble,High,No,Yes,No,No,No,Yes,No,-7.07,0,0,0,0,0,0.55,0,0,1,4.21
Daphne oleoides,(+)-Epieudesmin,COc1cc(ccc1OC)[C@@H]1OC[C@H]2[C@@H]1CO[C@@H]2c1ccc(c(c1)OC)OC,C22H26O6,386.44,28,12,0.45,6,6,0,103.84,55.38,3.82,2.94,3.15,1.61,3.73,3.05,-4.01,3.78E-02,9.79E-05,Moderately soluble,-3.77,6.64E-02,1.72E-04,Soluble,-5.58,1.02E-03,2.65E-06,Moderately soluble,High,Yes,No,No,No,No,Yes,Yes,-6.57,0,0,0,0,0,0.55,0,0,1,4.22
Daphne oleoides,Daphnetin,O=c1ccc2c(o1)c(O)c(cc2)O,C9H6O4,178.14,13,10,0,0,4,2,46.53,70.67,1.1,1.2,1.2,0.45,1.46,1.08,-2.27,9.57E-01,5.37E-03,Soluble,-2.28,9.34E-01,5.24E-03,Soluble,-2.46,6.19E-01,3.48E-03,Soluble,High,No,No,Yes,No,No,No,No,-6.53,0,1,0,0,1,0.55,1,2,1,2.79
Daphne oleoides,Umbelliferone,Oc1ccc2c(c1)oc(=O)cc2,C9H6O3,162.14,12,10,0,0,3,1,44.51,50.44,1.44,1.58,1.5,1.04,1.97,1.51,-2.46,5.66E-01,3.49E-03,Soluble,-2.25,9.12E-01,5.62E-03,Soluble,-3.03,1.53E-01,9.42E-04,Soluble,High,Yes,No,Yes,No,No,No,No,-6.17,0,1,0,0,1,0.55,0,1,1,2.56
Daphne oleoides,Daphneticin,OC[C@H]1Oc2c(O[C@@H]1c1cc(OC)c(c(c1)OC)O)ccc1c2oc(=O)cc1,C20H18O8,386.35,28,16,0.25,4,8,2,98.82,107.59,2.65,2.12,2.06,0.66,2.74,2.05,-3.73,7.20E-02,1.86E-04,Soluble,-4.01,3.77E-02,9.76E-05,Moderately soluble,-5.14,2.78E-03,7.19E-06,Moderately soluble,High,No,Yes,No,No,Yes,Yes,Yes,-7.15,0,0,0,0,0,0.55,0,1,1,4.42
Daphne oleoides,Pinoresinol,COc1cc(ccc1O)[C@H]1OC[C@H]2[C@@H]1CO[C@@H]2c1ccc(c(c1)OC)O,C20H22O6,358.39,26,12,0.4,4,6,2,94.9,77.38,2.67,2.28,2.54,1.17,2.66,2.26,-3.58,9.52E-02,2.66E-04,Soluble,-3.54,1.03E-01,2.87E-04,Soluble,-4.19,2.29E-02,6.40E-05,Moderately soluble,High,Yes,Yes,No,No,No,Yes,Yes,-6.87,0,0,0,0,0,0.55,0,0,1,3.99
Daphne oleoides,(+)-Taxiresinol,OC[C@H]1[C@H](CO[C@@H]1c1ccc(c(c1)O)O)Cc1ccc(c(c1)OC)O,C19H22O6,346.37,25,12,0.37,5,6,4,92.62,99.38,2.42,2.07,2.03,0.94,2.33,1.96,-3.32,1.67E-01,4.82E-04,Soluble,-3.79,5.67E-02,1.64E-04,Soluble,-3.67,7.35E-02,2.12E-04,Soluble,High,No,Yes,No,No,No,Yes,No,-6.94,0,0,0,0,0,0.55,1,1,0,3.78
Daphne oleoides,(+)-Wikstromol,COc1cc(ccc1O)C[C@@H]1COC(=O)[C@@]1(O)Cc1ccc(c(c1)OC)O,C20H22O7,374.38,27,12,0.35,6,7,3,97.33,105.45,2.32,2.5,1.8,1.1,2.96,2.14,-3.67,8.02E-02,2.14E-04,Soluble,-4.36,1.63E-02,4.37E-05,Moderately soluble,-4.69,7.57E-03,2.02E-05,Moderately soluble,High,No,Yes,No,No,No,No,Yes,-6.81,0,0,0,0,0,0.55,0,0,1,3.55
Daphne oleoides,Anabsinthin,C[C@@H]1C(=O)O[C@H]2[C@H]1CC[C@]([C@H]1C2=C(C)[C@H]2[C@@H]1[C@@H]1[C@@H]3[C@@]42[C@H]2OC(=O)[C@H]([C@@H]2CC[C@@]3(O[C@]4(C1)C)C)C)(C)O,C30H40O6,496.64,36,0,0.87,0,6,1,133.61,82.06,3.76,2.65,4.04,4.04,3.7,3.64,-4.59,1.28E-02,2.58E-05,Moderately soluble,-4.02,4.70E-02,9.45E-05,Moderately soluble,-4.48,1.64E-02,3.30E-05,Moderately soluble,High,No,Yes,No,No,No,No,No,-7.45,0,3,0,0,1,0.55,0,2,1,7.08
Daphne oleoides,Daphnin,OC[C@H]1O[C@H](Oc2ccc3c(c2O)oc(=O)cc3)[C@@H]([C@H]([C@H]1O)O)O,C15H16O9,340.28,24,10,0.4,3,9,5,78.65,149.82,1.22,-0.61,-1.32,-1.48,-0.72,-0.58,-1.68,7.18E+00,2.11E-02,Very soluble,-2.06,2.93E+00,8.62E-03,Soluble,-0.82,5.09E+01,1.50E-01,Soluble,Low,No,No,No,No,No,No,No,-8.81,0,1,1,1,0,0.55,0,1,0,4.8
Daphne oleoides,"1,2-Dihydrodaphnetoxin",OC[C@]12O[C@H]1[C@H]1[C@H]3O[C@@]4(O[C@]1([C@H]1[C@@]([C@@H]2O)(O)C(=O)[C@H](C1)C)[C@@H](C[C@@]3(O4)C(=C)C)C)c1ccccc1,C27H32O8,484.54,35,6,0.67,3,8,3,122.45,117.98,0,1.64,1.3,1.15,2.6,1.34,-3.81,7.57E-02,1.56E-04,Soluble,-3.73,9.01E-02,1.86E-04,Soluble,-3.85,6.89E-02,1.42E-04,Soluble,High,No,Yes,No,Yes,No,Yes,No,-8.09,0,1,0,0,0,0.55,0,2,1,6.87
Daphne oleoides,Oleodaphnal,O=CC1=C2CC(=O)C(=C2C[C@H](CC1)C(=C)C)C,C15H18O2,230.3,17,0,0.47,2,2,0,68.97,34.14,2.43,2.05,3.15,2.36,3.89,2.77,-2.43,8.61E-01,3.74E-03,Soluble,-2.4,9.27E-01,4.02E-03,Soluble,-3.43,8.52E-02,3.70E-04,Soluble,High,Yes,No,No,Yes,No,No,No,-6.25,0,0,0,0,0,0.55,0,2,1,4.26
Daphne oleoides,Oleodaphnone,CC(=C)[C@@H]1CC(=O)C(=C2C(=C(C)C(=O)C2)C1)C,C15H18O2,230.3,17,0,0.47,1,2,0,68.97,34.14,2.54,1.86,3.15,2.36,3.88,2.76,-2.37,9.74E-01,4.23E-03,Soluble,-2.2,1.46E+00,6.33E-03,Soluble,-3.76,4.01E-02,1.74E-04,Soluble,High,Yes,No,No,No,No,No,No,-6.38,0,0,0,0,0,0.55,0,1,1,4.29
Daphne oleoides,"4,9'-Dihydroxy-3',4',5-trimethoxy-7',9-epoxylignan",OC[C@H]1[C@H](CO[C@@H]1c1ccc(c(c1)OC)OC)Cc1ccc(c(c1)OC)O,C21H26O6,374.43,27,12,0.43,7,6,2,101.56,77.38,3.38,2.73,2.63,1.39,3.4,2.71,-3.75,6.69E-02,1.79E-04,Soluble,-4.01,3.67E-02,9.79E-05,Moderately soluble,-5.06,3.28E-03,8.75E-06,Moderately soluble,High,Yes,Yes,No,No,No,Yes,Yes,-6.65,0,0,0,0,0,0.55,0,0,1,4.06
Glycyrrhiza glabra,Glabranin,CC(=CCc1c(O)cc(c2c1O[C@@H](CC2=O)c1ccccc1)O)C,C20H20O4,324.37,24,12,0.25,3,4,2,93.27,66.76,3.08,4.67,3.99,2.38,4.22,3.67,-4.97,3.51E-03,1.08E-05,Moderately soluble,-5.8,5.15E-04,1.59E-06,Moderately soluble,-5.24,1.87E-03,5.77E-06,Moderately soluble,High,Yes,No,Yes,Yes,Yes,Yes,Yes,-4.96,0,0,0,0,0,0.55,0,1,1,3.63
Glycyrrhiza glabra,Liquiritigenin,Oc1ccc(cc1)[C@@H]1CC(=O)c2c(O1)cc(cc2)O,C15H12O4,256.25,19,12,0.13,1,4,2,69.55,66.76,1.73,2.3,2.48,1.27,2.55,2.07,-3.28,1.35E-01,5.26E-04,Soluble,-3.34,1.17E-01,4.57E-04,Soluble,-4,2.58E-02,1.01E-04,Soluble,High,Yes,Yes,Yes,No,No,No,No,-6.23,0,0,0,0,0,0.55,0,0,0,2.95
Glycyrrhiza glabra,Naringenin,Oc1ccc(cc1)[C@@H]1CC(=O)c2c(O1)cc(cc2O)O,C15H12O5,272.25,20,12,0.13,1,5,3,71.57,86.99,1.75,2.52,2.19,0.71,2.05,1.84,-3.49,8.74E-02,3.21E-04,Soluble,-3.99,2.77E-02,1.02E-04,Soluble,-3.42,1.04E-01,3.82E-04,Soluble,High,No,Yes,Yes,No,No,No,Yes,-6.17,0,0,0,0,0,0.55,0,0,0,3.01
Glycyrrhiza glabra,Dihydrochrysin Pinocembrin,Oc1cc2O[C@@H](CC(=O)c2c(c1)O)c1ccccc1,C15H12O4,256.25,19,12,0.13,1,4,2,69.55,66.76,2.11,2.88,2.48,1.27,2.55,2.26,-3.64,5.81E-02,2.27E-04,Soluble,-3.94,2.93E-02,1.14E-04,Soluble,-4,2.58E-02,1.01E-04,Soluble,High,Yes,No,Yes,Yes,No,No,No,-5.82,0,0,0,0,0,0.55,0,0,0,2.96
Glycyrrhiza glabra,Genkwanin,COc1cc(O)c2c(c1)oc(cc2=O)c1ccc(cc1)O,C16H12O5,284.26,21,16,0.06,2,5,2,78.46,79.9,2.48,3.35,2.88,0.77,3.03,2.5,-4.14,2.04E-02,7.17E-05,Moderately soluble,-4.71,5.60E-03,1.97E-05,Moderately soluble,-5.1,2.25E-03,7.91E-06,Moderately soluble,High,No,No,Yes,No,Yes,Yes,Yes,-5.66,0,0,0,0,0,0.55,0,0,0,3.03
Glycyrrhiza glabra,Isovitexin,OC[C@H]1O[C@H]([C@@H]([C@H]([C@@H]1O)O)O)c1c(O)cc2c(c1O)c(=O)cc(o2)c1ccc(cc1)O,C21H20O10,432.38,31,16,0.29,3,10,7,106.61,181.05,1.97,0.21,-0.23,-2.02,0.33,0.05,-2.84,6.29E-01,1.46E-03,Soluble,-3.57,1.16E-01,2.68E-04,Soluble,-2.38,1.81E+00,4.20E-03,Soluble,Low,No,No,No,No,No,No,No,-8.79,1,0,1,1,2,0.55,0,0,1,4.99
Glycyrrhiza glabra,Kaempferol 3-O-methyl ether,COc1c(oc2c(c1=O)c(O)cc(c2)O)c1ccc(cc1)O,C16H12O6,300.26,22,16,0.06,2,6,3,80.48,100.13,2.11,2.22,2.59,0.22,2.55,1.94,-3.51,9.36E-02,3.12E-04,Soluble,-3.96,3.31E-02,1.10E-04,Soluble,-4.52,9.07E-03,3.02E-05,Moderately soluble,High,No,No,Yes,No,No,Yes,Yes,-6.56,0,0,0,0,0,0.55,0,0,0,3.2
Glycyrrhiza glabra,Prunasin,C[CH],C2H4,28.05,2,0,1,0,0,0,9.61,0,0,1.3,0.72,1.76,0.01,0.76,-0.83,4.12E+00,1.47E-01,Very soluble,-0.9,3.53E+00,1.26E-01,Very soluble,-0.35,1.26E+01,4.49E-01,Soluble,Low,No,No,No,No,No,No,No,-5.55,0,3,0,0,3,0.55,0,0,1,1
Glycyrrhiza glabra,Isobavachalcone,CC(=CCc1c(O)ccc(c1O)C(=O)/C=C/c1ccc(cc1)O)C,C20H20O4,324.37,24,12,0.15,5,4,3,96.04,77.76,3.02,5.1,4.1,2.7,4.22,3.83,-5.1,2.55E-03,7.87E-06,Moderately soluble,-6.48,1.08E-04,3.34E-07,Poorly soluble,-4.47,1.09E-02,3.36E-05,Moderately soluble,High,No,No,Yes,No,Yes,No,Yes,-4.66,0,0,0,0,1,0.55,0,2,1,3.03
Glycyrrhiza glabra,Afrormosin,COc1ccc(cc1)c1coc2c(c1=O)cc(c(c2)O)OC,C17H14O5,298.29,22,16,0.12,3,5,1,82.93,68.9,2.97,2.77,3.18,1.01,3.55,2.7,-3.77,5.01E-02,1.68E-04,Soluble,-3.87,4.00E-02,1.34E-04,Soluble,-5.8,4.74E-04,1.59E-06,Moderately soluble,High,Yes,No,Yes,No,Yes,Yes,Yes,-6.15,0,0,0,0,0,0.55,0,0,0,3.06
Glycyrrhiza glabra,Formononetin,COc1ccc(cc1)c1coc2c(c1=O)ccc(c2)O,C16H12O4,268.26,20,16,0.06,2,4,1,76.44,59.67,2.49,2.8,3.17,1.33,3.52,2.66,-3.73,5.03E-02,1.87E-04,Soluble,-3.71,5.23E-02,1.95E-04,Soluble,-5.68,5.58E-04,2.08E-06,Moderately soluble,High,Yes,No,Yes,No,No,Yes,Yes,-5.95,0,0,0,0,0,0.55,0,0,0,2.81
Glycyrrhiza glabra,Genistein,Oc1ccc(cc1)c1coc2c(c1=O)c(O)cc(c2)O,C15H10O5,270.24,20,16,0,1,5,3,73.99,90.9,1.91,2.67,2.58,0.52,2.52,2.04,-3.72,5.11E-02,1.89E-04,Soluble,-4.23,1.59E-02,5.88E-05,Moderately soluble,-4.4,1.07E-02,3.94E-05,Moderately soluble,High,No,No,Yes,No,No,Yes,Yes,-6.05,0,0,0,0,0,0.55,0,0,0,2.87
Glycyrrhiza glabra,Glabridin,Oc1ccc(c(c1)O)[C@@H]1COc2c(C1)ccc1c2C=CC(O1)(C)C,C20H20O4,324.37,24,12,0.3,1,4,2,93.25,58.92,2.97,3.89,3.89,2.73,3.76,3.45,-4.61,8.04E-03,2.48E-05,Moderately soluble,-4.83,4.85E-03,1.50E-05,Moderately soluble,-4.95,3.67E-03,1.13E-05,Moderately soluble,High,Yes,Yes,Yes,Yes,Yes,Yes,Yes,-5.52,0,0,0,0,0,0.55,0,0,1,4.04
Glycyrrhiza glabra,Hispaglabridin A,CC(=CCc1c(O)ccc(c1O)[C@@H]1COc2c(C1)ccc1c2C=CC(O1)(C)C)C,C25H28O4,392.49,29,12,0.36,3,4,2,116.97,58.92,4.21,5.82,5.4,3.73,5.5,4.93,-6.05,3.51E-04,8.95E-07,Poorly soluble,-6.83,5.83E-05,1.49E-07,Poorly soluble,-6.17,2.67E-04,6.81E-07,Poorly soluble,High,Yes,No,No,Yes,Yes,No,Yes,-4.56,0,0,0,0,1,0.55,0,1,2,4.58
Glycyrrhiza glabra,Licoisoflavone A,CC(=CCc1c(O)ccc(c1O)c1coc2c(c1=O)c(O)cc(c2)O)C,C20H18O6,354.35,26,16,0.15,3,6,4,99.73,111.13,2.85,4.24,3.79,1.09,3.73,3.14,-4.97,3.84E-03,1.08E-05,Moderately soluble,-6.28,1.84E-04,5.19E-07,Poorly soluble,-5.05,3.12E-03,8.81E-06,Moderately soluble,High,No,No,Yes,No,Yes,Yes,No,-5.45,0,0,0,0,0,0.55,0,1,2,3.5
Glycyrrhiza glabra,Luteone(isoflavone),CC(=CCc1c(O)cc2c(c1O)c(=O)c(co2)c1ccc(cc1O)O)C,C20H18O6,354.35,26,16,0.15,3,6,4,99.73,111.13,2.71,4.24,3.79,1.09,3.73,3.11,-4.97,3.84E-03,1.08E-05,Moderately soluble,-6.28,1.84E-04,5.19E-07,Poorly soluble,-5.05,3.12E-03,8.81E-06,Moderately soluble,High,No,No,Yes,No,Yes,Yes,No,-5.45,0,0,0,0,0,0.55,0,1,2,3.45
Glycyrrhiza glabra,Ononin,OC[C@@H]1O[C@@H](Oc2ccc3c(c2)occ(c3=O)c2ccc(cc2)OC)[C@H]([C@H]([C@@H]1O)O)O,C22H22O9,430.4,31,16,0.32,5,9,4,108.56,138.82,2.63,0.99,0.65,-0.89,1.36,0.95,-3.18,2.82E-01,6.54E-04,Soluble,-3.49,1.38E-01,3.21E-04,Soluble,-3.97,4.59E-02,1.07E-04,Soluble,High,No,Yes,No,No,No,No,Yes,-8.22,0,0,0,1,0,0.55,0,0,1,5.12
Glycyrrhiza glabra,(-)-Phaseollinisoflavan,Oc1ccc2c(c1)OC[C@H](C2)c1ccc2c(c1O)C=CC(O2)(C)C,C20H20O4,324.37,24,12,0.3,1,4,2,93.25,58.92,3.08,3.89,3.89,2.73,3.76,3.47,-4.61,8.04E-03,2.48E-05,Moderately soluble,-4.83,4.85E-03,1.50E-05,Moderately soluble,-4.95,3.67E-03,1.13E-05,Moderately soluble,High,Yes,Yes,Yes,Yes,Yes,Yes,Yes,-5.52,0,0,0,0,0,0.55,0,0,1,4.06
Glycyrrhiza glabra,Pratensein,COc1ccc(cc1O)c1coc2c(c1=O)c(O)cc(c2)O,C16H12O6,300.26,22,16,0.06,2,6,3,80.48,100.13,2.38,3.1,2.59,0.22,2.55,2.17,-4.06,2.61E-02,8.69E-05,Moderately soluble,-4.87,4.04E-03,1.35E-05,Moderately soluble,-4.52,9.07E-03,3.02E-05,Moderately soluble,High,No,No,Yes,No,Yes,Yes,Yes,-5.93,0,0,0,0,0,0.55,0,0,0,3.02
Glycyrrhiza glabra,Prunetin,COc1cc(O)c2c(c1)occ(c2=O)c1ccc(cc1)O,C16H12O5,284.26,21,16,0.06,2,5,2,78.46,79.9,2.5,2.99,2.88,0.77,3.03,2.43,-3.92,3.43E-02,1.21E-04,Soluble,-4.33,1.32E-02,4.66E-05,Moderately soluble,-5.1,2.25E-03,7.91E-06,Moderately soluble,High,No,No,Yes,No,No,Yes,Yes,-5.91,0,0,0,0,0,0.55,0,0,0,2.96
Glycyrrhiza glabra,Wighteone,CC(=CCc1c(O)cc2c(c1O)c(=O)c(co2)c1ccc(cc1)O)C,C20H18O5,338.35,25,16,0.15,3,5,3,97.71,90.9,3.01,4.59,4.09,1.64,4.21,3.51,-5.11,2.66E-03,7.85E-06,Moderately soluble,-6.22,2.02E-04,5.98E-07,Poorly soluble,-5.64,7.73E-04,2.29E-06,Moderately soluble,High,No,No,No,No,Yes,No,No,-5.11,0,0,0,0,0,0.55,0,1,1,3.37
Glycyrrhiza glabra,18beta-glycyrrhetinic acid,O=C1C=C2[C@@H]3C[C@](C)(CC[C@]3(C)CC[C@]2([C@]2([C@H]1[C@@]1(C)CC[C@@H](C([C@@H]1CC2)(C)C)O)C)C)C(=O)O,C30H46O4,470.68,34,0,0.87,1,4,2,136.85,74.6,3.46,5.49,6.41,4.87,5.55,5.16,-6.15,3.32E-04,7.06E-07,Poorly soluble,-6.81,7.21E-05,1.53E-07,Poorly soluble,-6,4.75E-04,1.01E-06,Moderately soluble,High,No,Yes,No,No,No,No,No,-5.27,1,3,0,1,1,0.85,0,0,2,6.08
Glycyrrhiza glabra,Cycloartenol,CC(=CCC[C@H]([C@H]1CC[C@@]2([C@]1(C)CC[C@@]13[C@H]2CC[C@H]2[C@]3(C1)CC[C@@H](C2(C)C)O)C)C)C,C30H50O,426.72,31,0,0.93,4,1,1,135.14,20.23,5.16,9.78,8.17,6.92,7.52,7.51,-8.38,1.77E-06,4.14E-09,Poorly soluble,-10.12,3.20E-08,7.50E-11,Insoluble,-6.87,5.77E-05,1.35E-07,Poorly soluble,Low,No,No,No,No,No,No,No,-1.96,1,3,0,1,2,0.55,0,1,2,6.51
Glycyrrhiza glabra,beta-Amyrin,O[C@H]1CC[C@]2([C@@H](C1(C)C)CC[C@@]1([C@@H]2C=C[C@H]2[C@@]1(C)CC[C@@]1([C@H]2CC(C)(C)CC1)C)C)C,C30H50O,426.72,31,0,0.93,0,1,1,134.88,20.23,4.69,9.45,8.02,6.92,6.52,7.12,-8.44,1.55E-06,3.64E-09,Poorly soluble,-9.78,7.04E-08,1.65E-10,Poorly soluble,-6.71,8.23E-05,1.93E-07,Poorly soluble,Low,No,No,No,No,No,No,No,-2.19,1,3,0,1,2,0.55,0,1,2,6.11
Glycyrrhiza glabra,Lupeol,CC(=C)[C@@H]1CC[C@]2([C@H]1[C@H]1CC[C@H]3[C@@]([C@]1(C)CC2)(C)CC[C@@H]1[C@]3(C)CC[C@@H](C1(C)C)O)C,C30H50O,426.72,31,0,0.93,1,1,1,135.14,20.23,4.72,9.87,8.02,6.92,6.82,7.27,-8.64,9.83E-07,2.30E-09,Poorly soluble,-10.22,2.58E-08,6.05E-11,Insoluble,-6.74,7.69E-05,1.80E-07,Poorly soluble,Low,No,No,No,No,No,No,No,-1.9,1,3,0,1,2,0.55,0,1,2,5.49
Glycyrrhiza glabra,"7,4'-Dihydroxyflavone",Oc1ccc(cc1)c1cc(=O)c2c(o1)cc(cc2)O,C15H10O4,254.24,19,16,0,1,4,2,71.97,70.67,1.78,3.26,2.87,1.08,3.02,2.4,-4.03,2.39E-02,9.39E-05,Moderately soluble,-4.42,9.71E-03,3.82E-05,Moderately soluble,-4.98,2.64E-03,1.04E-05,Moderately soluble,High,Yes,No,Yes,No,No,Yes,Yes,-5.54,0,0,0,0,0,0.55,0,0,0,2.9
Glycyrrhiza glabra,Licoflavone B,CC(=CCc1cc2c(=O)cc(oc2cc1O)c1ccc(c(c1)CC=C(C)C)O)C,C25H26O4,390.47,29,16,0.24,5,4,2,119.41,70.67,4.04,6.32,5.89,3.2,6.48,5.19,-6.32,1.87E-04,4.78E-07,Poorly soluble,-7.59,9.96E-06,2.55E-08,Poorly soluble,-7.45,1.40E-05,3.57E-08,Poorly soluble,High,No,No,No,Yes,No,No,Yes,-4.19,0,1,0,1,1,0.55,0,1,2,3.93
Glycyrrhiza glabra,Kanzonol D,CC(=CCc1cc(ccc1O)c1cc(=O)c2c(o1)cc(cc2)O)C,C20H18O4,322.35,24,16,0.15,3,4,2,95.69,70.67,2.94,5.19,4.38,2.2,4.69,3.88,-5.4,1.27E-03,3.95E-06,Moderately soluble,-6.42,1.22E-04,3.79E-07,Poorly soluble,-6.22,1.92E-04,5.96E-07,Poorly soluble,High,Yes,No,No,No,Yes,No,No,-4.58,0,0,0,0,1,0.55,0,1,1,3.43
Glycyrrhiza glabra,Sophoraflavone B,OC[C@H]1O[C@@H](Oc2ccc(cc2)c2cc(=O)c3c(o2)cc(cc3)O)[C@@H]([C@H]([C@@H]1O)O)O,C21H20O9,416.38,30,16,0.29,4,9,5,104.09,149.82,1.83,1.46,0.34,-1.11,0.82,0.67,-3.47,1.40E-01,3.37E-04,Soluble,-4.21,2.55E-02,6.13E-05,Moderately soluble,-3.28,2.18E-01,5.22E-04,Soluble,Low,No,No,No,No,No,No,No,-7.8,0,0,1,1,0,0.55,0,0,1,4.98
Glycyrrhiza glabra,Wogonoside,COc1c(O[C@@H]2O[C@H](C(=O)O)[C@H]([C@@H]([C@H]2O)O)O)cc(c2c1oc(cc2=O)c1ccccc1)O,C22H20O11,460.39,33,16,0.27,5,11,5,111.19,176.12,1.55,1.44,0.45,-1.42,0.44,0.49,-3.63,1.08E-01,2.34E-04,Soluble,-4.74,8.30E-03,1.80E-05,Moderately soluble,-2.91,5.65E-01,1.23E-03,Soluble,Low,No,Yes,No,No,No,No,No,-8.09,1,0,1,1,2,0.11,0,0,1,5.23
Glycyrrhiza glabra,Galangin,Oc1cc(O)c2c(c1)oc(c(c2=O)O)c1ccccc1,C15H10O5,270.24,20,16,0,1,5,3,73.99,90.9,2.08,2.25,2.58,0.52,2.52,1.99,-3.46,9.39E-02,3.48E-04,Soluble,-3.79,4.33E-02,1.60E-04,Soluble,-4.4,1.07E-02,3.94E-05,Moderately soluble,High,No,No,Yes,No,No,Yes,Yes,-6.35,0,0,0,0,0,0.55,0,0,0,3.12
Glycyrrhiza glabra,Kaempferol,Oc1ccc(cc1)c1oc2cc(O)cc(c2c(=O)c1O)O,C15H10O6,286.24,21,16,0,1,6,4,76.01,111.13,1.7,1.9,2.28,-0.03,2.03,1.58,-3.31,1.40E-01,4.90E-04,Soluble,-3.86,3.98E-02,1.39E-04,Soluble,-3.82,4.29E-02,1.50E-04,Soluble,High,No,No,Yes,No,No,Yes,Yes,-6.7,0,0,0,0,0,0.55,0,0,0,3.14
Linum usitatissimum,Jasmonic acid,CC/C=C\C[C@@H]1[C@H](CCC1=O)CC(=O)O,C12H18O3,210.27,15,0,0.67,5,3,1,59.18,54.37,1.95,1.6,2.41,1.68,2.42,2.01,-1.82,3.17E+00,1.51E-02,Very soluble,-2.35,9.32E-01,4.43E-03,Soluble,-1.77,3.59E+00,1.71E-02,Soluble,High,Yes,No,No,No,No,No,No,-6.45,0,0,0,0,0,0.85,0,1,1,3.34
Linum usitatissimum,OPC-4:0,CC/C=C\C[C@@H]1[C@H](CCCC(=O)O)CCC1=O,C14H22O3,238.32,17,0,0.71,7,3,1,68.8,54.37,2.11,2.5,3.19,2.21,3.22,2.65,-2.43,8.84E-01,3.71E-03,Soluble,-3.29,1.23E-01,5.16E-04,Soluble,-2.58,6.30E-01,2.64E-03,Soluble,High,Yes,No,No,No,No,No,No,-5.98,0,0,0,0,0,0.85,0,1,1,3.49
Linum usitatissimum,3-Oxo-2-(2-entenyl)cyclopentaneoctanoic acid,CC/C=C\C[C@H]1[C@@H](CCCCCCCC(=O)O)CCC1=O,C18H30O3,294.43,21,0,0.78,11,3,1,88.02,54.37,3.21,4.66,4.75,3.2,4.87,4.14,-3.88,3.92E-02,1.33E-04,Soluble,-5.53,8.72E-04,2.96E-06,Moderately soluble,-4.18,1.94E-02,6.59E-05,Moderately soluble,High,Yes,No,Yes,Yes,Yes,Yes,No,-4.79,0,0,1,0,0,0.85,0,1,2,3.93
Linum usitatissimum,(+)-Epijasmonic acid,CC/C=C\C[C@H]1[C@H](CCC1=O)CC(=O)O,C12H18O3,210.27,15,0,0.67,5,3,1,59.18,54.37,1.87,1.6,2.41,1.68,2.42,2,-1.82,3.17E+00,1.51E-02,Very soluble,-2.35,9.32E-01,4.43E-03,Soluble,-1.77,3.59E+00,1.71E-02,Soluble,High,Yes,No,No,No,No,No,No,-6.45,0,0,0,0,0,0.85,0,1,1,3.34
Linum usitatissimum,(-)-Pinoresinol,COc1cc(ccc1O)[C@@H]1OC[C@@H]2[C@H]1CO[C@H]2c1ccc(c(c1)OC)O,C20H22O6,358.39,26,12,0.4,4,6,2,94.9,77.38,3.18,2.28,2.54,1.17,2.66,2.37,-3.58,9.52E-02,2.66E-04,Soluble,-3.54,1.03E-01,2.87E-04,Soluble,-4.19,2.29E-02,6.40E-05,Moderately soluble,High,Yes,Yes,No,No,No,Yes,No,-6.87,0,0,0,0,0,0.55,0,0,1,3.99
Linum usitatissimum,(-)-Lariciresinol,OC[C@@H]1[C@@H](CO[C@H]1c1ccc(c(c1)OC)O)Cc1ccc(c(c1)OC)O,C20H24O6,360.4,26,12,0.4,6,6,3,97.09,88.38,2.97,2.4,2.33,1.17,2.86,2.34,-3.53,1.06E-01,2.94E-04,Soluble,-3.9,4.56E-02,1.27E-04,Soluble,-4.37,1.55E-02,4.31E-05,Moderately soluble,High,No,Yes,No,No,No,Yes,No,-6.79,0,0,0,0,0,0.55,0,0,1,3.94
Linum usitatissimum,(-)-Secoisolariciresinol,OC[C@@H]([C@@H](Cc1ccc(c(c1)OC)O)CO)Cc1ccc(c(c1)OC)O,C20H26O6,362.42,26,12,0.4,9,6,4,99.28,99.38,2.77,2.52,2.12,1.56,3.34,2.46,-3.42,1.37E-01,3.78E-04,Soluble,-4.25,2.02E-02,5.58E-05,Moderately soluble,-4.54,1.05E-02,2.90E-05,Moderately soluble,High,No,Yes,No,No,No,Yes,No,-6.72,0,0,0,0,0,0.55,0,0,2,3.21
Linum usitatissimum,(+)-Secoisolariciresinol,OC[C@H]([C@H](Cc1ccc(c(c1)OC)O)CO)Cc1ccc(c(c1)OC)O,C20H26O6,362.42,26,12,0.4,9,6,4,99.28,99.38,2.98,2.52,2.12,1.56,3.34,2.5,-3.42,1.37E-01,3.78E-04,Soluble,-4.25,2.02E-02,5.58E-05,Moderately soluble,-4.54,1.05E-02,2.90E-05,Moderately soluble,High,No,Yes,No,No,No,Yes,No,-6.72,0,0,0,0,0,0.55,0,0,2,3.21
Linum usitatissimum,Coniferyl alcohol,OC/C=C/c1ccc(c(c1)OC)O,C10H12O3,180.2,13,6,0.2,3,3,2,51.02,49.69,2.16,1.79,1.3,1.13,1.71,1.62,-2.23,1.06E+00,5.91E-03,Soluble,-2.45,6.36E-01,3.53E-03,Soluble,-1.87,2.44E+00,1.35E-02,Soluble,High,Yes,No,No,No,No,No,No,-6.13,0,0,0,0,1,0.55,0,0,1,1.86
Linum usitatissimum,Orientin,OC[C@@H]1O[C@H]([C@@H]([C@H]([C@@H]1O)O)O)c1c(O)cc(c2c1oc(cc2=O)c1ccc(c(c1)O)O)O,C21H20O11,448.38,32,16,0.29,3,11,8,108.63,201.28,1.09,-0.15,-0.53,-2.51,-0.14,-0.45,-2.7,9.00E-01,2.01E-03,Soluble,-3.62,1.07E-01,2.39E-04,Soluble,-1.79,7.32E+00,1.63E-02,Soluble,Low,No,No,No,No,No,No,No,-9.14,2,1,1,1,3,0.17,1,1,1,5.17
Linum usitatissimum,Linamarin,OC[C@@H]1[CH][CH][CH][C@@H](O1)OC(C)C,C9H15O3,171.21,12,0,1,3,3,1,43.42,38.69,0,1.12,0.74,0.74,1.27,0.78,-1.41,6.67E+00,3.90E-02,Very soluble,-1.53,5.10E+00,2.98E-02,Very soluble,-0.94,1.98E+01,1.16E-01,Soluble,High,Yes,No,No,No,No,No,No,-6.55,0,0,0,0,1,0.55,0,0,1,3.53
Linum usitatissimum,Linustatin,OC[C@@H]1[CH][CH][CH][C@@H](O1)OC[C@@H]1[CH][CH][CH][C@@H](O1)OC(C)C,C15H22O5,282.33,20,0,1,6,5,1,69.15,57.15,0,1.9,1.1,1.14,1.99,1.22,-2.39,1.15E+00,4.06E-03,Soluble,-2.72,5.34E-01,1.89E-03,Soluble,-1.75,5.04E+00,1.79E-02,Soluble,High,Yes,No,No,No,No,No,No,-6.67,0,0,0,0,0,0.55,0,0,0,4.5
Linum usitatissimum,Lotaustralin,CC[C](O[C@H]1[CH][CH][CH][C@@H](O1)CO)C,C10H16O3,184.23,13,0,1,4,3,1,47.21,38.69,0,1.65,1.01,1.05,1.63,1.07,-1.76,3.22E+00,1.75E-02,Very soluble,-2.08,1.55E+00,8.40E-03,Soluble,-1.35,8.29E+00,4.50E-02,Soluble,High,Yes,No,No,No,No,No,No,-6.25,0,0,0,0,1,0.55,0,0,1,3.82
Linum usitatissimum,Neolinustatin,CC[C](O[C@H]1[CH][CH][CH][C@H](O1)CO[C@H]1[CH][CH][CH][C@H](O1)CO)C,C16H23O5,295.35,21,0,1,7,5,1,72.94,57.15,0,2.43,1.36,1.39,2.37,1.51,-2.74,5.37E-01,1.82E-03,Soluble,-3.27,1.58E-01,5.33E-04,Soluble,-2.15,2.11E+00,7.13E-03,Soluble,High,Yes,No,No,No,No,No,No,-6.38,0,0,0,0,0,0.55,0,0,0,4.69
Linum usitatissimum,Coniferaldehyde,O=C/C=C/c1ccc(c(c1)OC)O,C10H10O3,178.18,13,6,0.1,3,3,1,50.06,46.53,1.75,1.51,1.5,1.04,2.01,1.56,-2.04,1.63E+00,9.13E-03,Soluble,-2.1,1.43E+00,8.03E-03,Soluble,-1.99,1.84E+00,1.03E-02,Soluble,High,Yes,No,No,No,No,No,No,-6.31,0,0,0,0,1,0.55,0,2,1,1.88
Linum usitatissimum,"(E,E,E)-Geranylgeraniol",OC/C=C(/CC/C=C(/CC/C=C(/CCC=C(C)C)\C)\C)\C,C20H34O,290.48,21,0,0.6,10,1,1,97.52,20.23,1.75,1.51,6.12,1.04,2.01,1.56,-2.04,1.63E+00,9.13E-03,Soluble,-2.1,1.43E+00,8.03E-03,Soluble,-1.99,1.84E+00,1.03E-02,Soluble,High,Yes,No,No,No,No,No,No,-6.31,0,0,0,0,1,0.55,0,2,1,1.88
Linum usitatissimum,Kaempferol-7-O-glucoside,OC[C@H]1O[C@@H](Oc2cc(O)c3c(c2)oc(c(c3=O)O)c2ccc(cc2)O)[C@@H]([C@H]([C@@H]1O)O)O,C21H20O11,448.38,32,16,0.29,4,11,7,108.13,190.28,2.25,0.72,-0.24,-2.1,-0.12,0.1,-3.18,2.97E-01,6.61E-04,Soluble,-4.29,2.28E-02,5.08E-05,Moderately soluble,-2.1,3.55E+00,7.91E-03,Soluble,Low,No,Yes,No,No,No,No,No,-8.52,2,0,1,1,3,0.17,0,0,1,5.24
Linum usitatissimum,Linolenic acid,CCC=CCC=CCC=CCCCCCCCC(=O)O,C18H30O2,278.43,20,0,0.61,13,2,1,88.99,37.3,3.36,6.46,5.66,4.38,5.59,5.09,-4.78,4.64E-03,1.67E-05,Moderately soluble,-7.04,2.55E-05,9.16E-08,Poorly soluble,-3.96,3.08E-02,1.11E-04,Soluble,High,Yes,No,Yes,No,Yes,No,No,-3.41,1,1,1,0,1,0.85,0,1,2,3.03
Linum usitatissimum,Melatonin,COc1ccc2c(c1)c(CCNC(=O)C)c[nH]2,C13H16N2O2,232.28,17,9,0.31,5,2,2,67.18,54.12,1.98,1.59,1.86,0.97,2.78,1.83,-2.34,1.05E+00,4.53E-03,Soluble,-2.34,1.07E+00,4.60E-03,Soluble,-4.62,5.62E-03,2.42E-05,Moderately soluble,High,Yes,No,Yes,No,No,No,No,-6.59,0,0,0,0,0,0.55,0,0,1,1.73
Linum usitatissimum,6-Deoxy-2-O-alpha-D-galactopyranuronosyl-L-mannose,O=C[C@@H]([C@@H]([C@H]([C@@H](O)C)O)O)O[C@H]1O[C@H](C(=O)O)[C@@H]([C@@H]([C@H]1O)O)O,C12H20O11,340.28,23,0,0.83,7,11,7,68.8,194.21,0.03,-3.73,-4.43,-4.21,-3.13,-3.1,0.86,2.48E+03,7.28E+00,Highly soluble,0.24,5.93E+02,1.74E+00,Highly soluble,3.98,3.26E+06,9.57E+03,Soluble,Low,No,Yes,No,No,No,No,No,-11.02,2,1,1,1,4,0.11,0,1,0,5.09
Melissa officinalis,Cinnamate,OC(=O)/C=C/c1ccccc1,C9H8O2,148.16,11,6,0,2,2,1,43.11,37.3,1.55,2.13,1.68,1.9,1.7,1.79,-2.37,6.29E-01,4.25E-03,Soluble,-2.54,4.23E-01,2.85E-03,Soluble,-1.84,2.14E+00,1.45E-02,Soluble,High,Yes,No,No,No,No,No,No,-5.69,0,2,0,0,1,0.85,0,1,1,1.67
Melissa officinalis,(+)-Pulegone,C[C@@H]1CCC(=C(C)C)C(=O)C1,C10H16O,152.23,11,0,0.7,0,1,0,47.8,17.07,2.32,3.08,2.71,2.2,2.76,2.61,-2.72,2.87E-01,1.89E-03,Soluble,-3.11,1.19E-01,7.84E-04,Soluble,-2.38,6.35E-01,4.17E-03,Soluble,High,Yes,No,No,No,No,No,No,-5.04,0,1,0,0,2,0.55,0,1,1,2.75
Melissa officinalis,(E)-geraniol,OC/C=C(/CCC=C(C)C)\C,C10H18O,154.25,11,0,0.6,4,1,1,50.4,20.23,2.52,3.56,2.67,2.59,2.35,2.74,-2.78,2.59E-01,1.68E-03,Soluble,-3.67,3.30E-02,2.14E-04,Soluble,-1.84,2.20E+00,1.43E-02,Soluble,High,Yes,No,No,No,No,No,No,-4.71,0,1,0,0,2,0.55,0,1,2,2.58
Melissa officinalis,beta-Myrcene,C=CC(=C)CCC=C(C)C,C10H16,136.23,10,0,0.4,4,0,0,48.76,0,2.89,4.17,3.48,3.56,3.05,3.43,-3.05,1.22E-01,8.96E-04,Soluble,-3.88,1.80E-02,1.32E-04,Soluble,-2.42,5.24E-01,3.85E-03,Soluble,Low,Yes,No,No,No,No,No,No,-4.17,0,1,0,0,2,0.55,0,2,2,2.85
Melissa officinalis,Nerol,OC/C=C(\CCC=C(C)C)/C,C10H18O,154.25,11,0,0.6,4,1,1,50.4,20.23,2.75,3.56,2.67,2.59,2.35,2.78,-2.78,2.59E-01,1.68E-03,Soluble,-3.67,3.30E-02,2.14E-04,Soluble,-1.84,2.20E+00,1.43E-02,Soluble,High,Yes,No,No,No,No,No,No,-4.71,0,1,0,0,2,0.55,0,1,2,2.58
Melissa officinalis,L-Phenylalanine,N[C@H](C(=O)O)Cc1ccccc1,C9H11NO2,165.19,12,6,0.22,3,3,2,45.5,63.32,1.08,-1.52,0.64,-1.11,0.86,-0.01,-0.08,1.38E+02,8.35E-01,Very soluble,0.7,8.21E+02,4.97E+00,Highly soluble,-1.86,2.30E+00,1.39E-02,Soluble,High,No,No,No,No,No,No,No,-8.39,0,0,0,0,1,0.55,0,0,1,1.46
Melissa officinalis,L-Tyrosine,OC(=O)[C@H](Cc1ccc(cc1)O)N,C9H11NO3,181.19,13,6,0.22,3,4,3,47.52,83.55,0.84,-2.26,0.35,-1.7,0.39,-0.48,0.32,3.76E+02,2.07E+00,Highly soluble,1.04,1.98E+03,1.10E+01,Highly soluble,-1.29,9.29E+00,5.13E-02,Soluble,High,No,No,No,No,No,No,No,-9.01,0,0,0,0,2,0.55,0,0,1,1.54
Melissa officinalis,gamma-Coniceine,CCCC1=NCCCC1,C8H15N,125.21,9,0,0.88,2,1,0,45.47,12.36,2.29,1.2,2.03,1.68,3.24,2.09,-1.24,7.20E+00,5.75E-02,Very soluble,-1.06,1.10E+01,8.79E-02,Very soluble,-2.46,4.39E-01,3.51E-03,Soluble,High,Yes,No,No,No,No,No,No,-6.21,0,1,0,0,2,0.55,0,0,1,2.82
Melissa officinalis,Labiatenic acid,O=C(O[C@@H](C(=O)O)Cc1ccc(c(c1)O)O)/C=C/c1ccc(c(c1)O)O,C18H16O8,360.31,26,12,0.11,7,8,5,91.4,144.52,1.48,2.36,1.65,0.9,1.5,1.58,-3.44,1.31E-01,3.63E-04,Soluble,-5.04,3.32E-03,9.22E-06,Moderately soluble,-2.17,2.41E+00,6.70E-03,Soluble,Low,No,No,No,No,No,No,No,-6.82,0,0,1,1,0,0.56,1,2,1,3.38
Melissa officinalis,trans-Citral,O=C/C=C(/CCC=C(C)C)\C,C10H16O,152.23,11,0,0.5,4,1,0,49.44,17.07,2.51,3.03,2.88,2.49,2.65,2.71,-2.43,5.67E-01,3.73E-03,Soluble,-3.05,1.34E-01,8.83E-04,Soluble,-1.96,1.66E+00,1.09E-02,Soluble,High,Yes,No,No,No,No,No,No,-5.08,0,1,0,0,2,0.55,0,3,1,2.49
Melissa officinalis,cis-Citral,O=C/C=C(\CCC=C(C)C)/C,C10H16O,152.23,11,0,0.5,4,1,0,49.44,17.07,2.47,3.03,2.88,2.49,2.65,2.71,-2.43,5.67E-01,3.73E-03,Soluble,-3.05,1.34E-01,8.83E-04,Soluble,-1.96,1.66E+00,1.09E-02,Soluble,High,Yes,No,No,No,No,No,No,-5.08,0,1,0,0,2,0.55,0,3,1,2.49
Melissa officinalis,(R)-Citronellal,O=CC[C@@H](CCC=C(C)C)C,C10H18O,154.25,11,0,0.7,5,1,0,49.91,17.07,2.49,3.83,2.96,2.59,2.82,2.94,-2.88,2.04E-01,1.32E-03,Soluble,-3.88,2.01E-02,1.31E-04,Soluble,-2.33,7.26E-01,4.71E-03,Soluble,High,Yes,No,No,No,No,No,No,-4.52,0,1,0,0,2,0.55,0,2,2,2.57
Melissa officinalis,Geranyl acetate,C/C(=C\COC(=O)C)/CCC=C(C)C,C12H20O2,196.29,14,0,0.58,6,2,0,60.13,26.3,3.27,4.04,3.24,2.95,2.98,3.3,-3.21,1.22E-01,6.22E-04,Soluble,-4.3,9.93E-03,5.06E-05,Moderately soluble,-2.52,5.97E-01,3.04E-03,Soluble,High,Yes,No,No,No,No,No,No,-4.63,0,0,0,0,1,0.55,0,1,2,2.72
Melissa officinalis,Linalool,C=C[C@@](CCC=C(C)C)(O)C,C10H18O,154.25,11,0,0.6,4,1,1,50.44,20.23,2.71,2.97,2.67,2.59,2.35,2.66,-2.4,6.09E-01,3.95E-03,Soluble,-3.06,1.35E-01,8.75E-04,Soluble,-1.84,2.20E+00,1.43E-02,Soluble,High,Yes,No,No,No,No,No,No,-5.13,0,1,0,0,2,0.55,0,1,1,2.74
Melissa officinalis,beta-Caryophyllene,CC1=CCCC(=C)[C@@H]2[C@@H](CC1)C(C2)(C)C,C15H24,204.35,15,0,0.73,0,0,0,68.78,0,3.29,4.38,4.73,4.63,4.19,4.24,-3.87,2.78E-02,1.36E-04,Soluble,-4.1,1.64E-02,8.01E-05,Moderately soluble,-3.77,3.49E-02,1.71E-04,Soluble,Low,No,No,No,Yes,Yes,No,No,-4.44,1,0,0,0,1,0.55,0,1,2,4.51
Melissa officinalis,Citronellal,O=CC[C@H](CCC=C(C)C)C,C10H18O,154.25,11,0,0.7,5,1,0,49.91,17.07,2.45,3.83,2.96,2.59,2.82,2.93,-2.88,2.04E-01,1.32E-03,Soluble,-3.88,2.01E-02,1.31E-04,Soluble,-2.33,7.26E-01,4.71E-03,Soluble,High,Yes,No,No,No,No,No,No,-4.52,0,1,0,0,2,0.55,0,2,2,2.57
Melissa officinalis,Nepetoidin A,O=C(/C=C/c1ccc(c(c1)O)O)O/C=C\c1cc(O)cc(c1)O,C17H14O6,314.29,23,12,0,5,6,4,85.14,107.22,1.95,2.75,2.52,1.44,2.13,2.16,-3.58,8.32E-02,2.65E-04,Soluble,-4.66,6.93E-03,2.21E-05,Moderately soluble,-2.47,1.07E+00,3.42E-03,Soluble,High,No,No,No,No,Yes,No,Yes,-6.26,0,0,0,0,0,0.55,1,3,0,3.12
Melissa officinalis,Nepetoidin B,O=C(/C=C/c1ccc(c(c1)O)O)O/C=C\c1ccc(c(c1)O)O,C17H14O6,314.29,23,12,0,5,6,4,85.14,107.22,2.1,2.76,2.52,1.44,2.13,2.19,-3.58,8.20E-02,2.61E-04,Soluble,-4.67,6.77E-03,2.15E-05,Moderately soluble,-2.47,1.07E+00,3.42E-03,Soluble,High,No,No,No,No,Yes,No,Yes,-6.26,0,0,0,0,0,0.55,1,3,0,3.09
Melissa officinalis,Salvianic acid A,OC(=O)[C@@H](Cc1ccc(c(c1)O)O)O,C9H10O5,198.17,14,6,0.22,3,5,4,48,97.99,0.68,-0.2,0.09,-0.04,0.17,0.14,-1.06,1.72E+01,8.67E-02,Very soluble,-1.4,7.86E+00,3.97E-02,Very soluble,-0.5,6.21E+01,3.13E-01,Soluble,High,No,No,No,No,No,No,No,-7.65,0,0,0,0,1,0.56,1,1,1,1.91
Melissa officinalis,Clinopodic acid A,O=C(O[C@@H](C(=O)O)Cc1ccc(c(c1)O)O)/C=C/c1ccc(cc1)O,C18H16O7,344.32,25,12,0.11,7,7,4,89.37,124.29,1.37,2.72,1.95,1.42,1.96,1.89,-3.58,9.02E-02,2.62E-04,Soluble,-4.98,3.57E-03,1.04E-05,Moderately soluble,-2.76,5.98E-01,1.74E-03,Soluble,High,No,No,No,No,No,No,No,-6.47,0,0,0,0,0,0.56,1,2,0,3.29
Melissa officinalis,1'-Oxo-gamma-coniceine,CCC(=O)C1=NCCCC1,C8H13NO,139.19,10,0,0.75,2,2,0,45.67,29.43,2.17,0.4,1.21,0.65,2.76,1.44,-0.82,2.09E+01,1.50E-01,Very soluble,-0.58,3.63E+01,2.60E-01,Very soluble,-2.01,1.35E+00,9.68E-03,Soluble,High,Yes,No,No,No,No,No,No,-6.87,0,1,0,0,1,0.55,0,0,1,2.65
Melissa officinalis,5-Ketooctanoic acid,CCCC(=O)CCCC(=O)O,C8H14O3,158.19,11,0,0.75,6,3,1,42.54,54.37,1.45,0.56,1.61,0.97,1.4,1.2,-0.78,2.64E+01,1.67E-01,Very soluble,-1.27,8.42E+00,5.32E-02,Very soluble,-1.6,3.96E+00,2.51E-02,Soluble,High,Yes,No,No,No,No,No,No,-6.87,0,1,0,0,1,0.85,0,0,1,1.63
Melissa officinalis,5-Ketooctanal,CCCC(=O)CCCC=O,C8H14O2,142.2,10,0,0.75,6,2,0,40.97,34.14,1.82,0.5,1.72,1.04,2.08,1.43,-0.64,3.25E+01,2.29E-01,Very soluble,-0.79,2.32E+01,1.63E-01,Very soluble,-2.16,9.77E-01,6.87E-03,Soluble,High,Yes,No,No,No,No,No,No,-6.81,0,1,0,0,1,0.55,0,1,1,1.57
Melissa officinalis,Conhydrinone,CCC(=O)C1CCCCN1,C8H15NO,141.21,10,0,0.88,2,2,1,45.37,29.1,1.75,0.9,0.73,0.76,1.69,1.17,-1.15,9.99E+00,7.07E-02,Very soluble,-1.1,1.13E+01,8.01E-02,Very soluble,-1.8,2.22E+00,1.57E-02,Soluble,High,Yes,No,No,No,No,No,No,-6.52,0,1,0,0,1,0.55,0,0,1,1.78
Melissa officinalis,4-hydroxyphenyl pyruvate,Oc1ccc(cc1)CC(=O)C(=O)O,C9H8O4,180.16,13,6,0.11,3,4,2,45.02,74.6,0.7,0.91,0.59,0.43,0.95,0.72,-1.67,3.82E+00,2.12E-02,Very soluble,-2.06,1.56E+00,8.67E-03,Soluble,-1.55,5.10E+00,2.83E-02,Soluble,High,No,No,No,No,No,No,No,-6.75,0,0,0,0,1,0.85,0,1,1,1.17
Plantago major,Salicylic acid,OC(=O)c1ccccc1O,C7H6O3,138.12,10,6,0,1,3,2,35.42,57.53,1.13,2.26,1.09,0.99,0.74,1.24,-2.5,4.39E-01,3.18E-03,Soluble,-3.1,1.09E-01,7.86E-04,Soluble,-1.17,9.40E+00,6.81E-02,Soluble,High,Yes,No,No,No,No,No,No,-5.54,0,3,0,0,1,0.85,0,0,1,1
Plantago major,Caffeic acid,OC(=O)/C=C/c1ccc(c(c1)O)O,C9H8O4,180.16,13,6,0,2,4,3,47.16,77.76,0.97,1.15,1.09,0.7,0.75,0.93,-1.89,2.32E+00,1.29E-02,Very soluble,-2.38,7.55E-01,4.19E-03,Soluble,-0.71,3.51E+01,1.95E-01,Soluble,High,No,No,No,No,No,No,No,-6.58,0,0,0,0,1,0.56,1,2,1,1.81
Plantago major,Baicalein,Oc1cc2oc(cc(=O)c2c(c1O)O)c1ccccc1,C15H10O5,270.24,20,16,0,1,5,3,73.99,90.9,2.43,3.16,2.58,0.52,2.52,2.24,-4.03,2.51E-02,9.28E-05,Moderately soluble,-4.74,4.93E-03,1.82E-05,Moderately soluble,-4.4,1.07E-02,3.94E-05,Moderately soluble,High,No,No,Yes,No,No,Yes,Yes,-5.7,0,0,0,0,0,0.55,1,1,0,3.02
Plantago major,Baicalin,OC(=O)[C@H]1O[C@@H](Oc2cc3oc(cc(=O)c3c(c2O)O)c2ccccc2)[C@@H]([C@H]([C@@H]1O)O)O,C21H18O11,446.36,32,16,0.24,4,11,6,106.72,187.12,1.75,1.11,0.14,-1.63,-0.1,0.25,-3.41,1.73E-01,3.87E-04,Soluble,-4.63,1.04E-02,2.33E-05,Moderately soluble,-2.22,2.67E+00,5.98E-03,Soluble,Low,No,Yes,No,No,No,No,No,-8.23,2,0,1,1,3,0.11,1,1,1,5.09
Plantago major,Fumaric acid,OC(=O)/C=C/C(=O)O,C4H4O4,116.07,8,0,0,2,4,2,24.41,74.6,0.32,-0.34,-0.29,-0.64,-0.81,-0.35,-0.21,7.10E+01,6.12E-01,Very soluble,-0.76,1.99E+01,1.72E-01,Very soluble,1.34,2.52E+03,2.17E+01,Soluble,High,No,No,No,No,No,No,No,-7.25,0,3,0,0,2,0.85,0,1,1,1.8
Plantago major,Tetradecanoic acid,CCCCCCCCCCCCCC(=O)O,C14H28O2,228.37,16,0,0.93,12,2,1,71.18,37.3,3.32,6.11,4.77,3.69,4.37,4.45,-4.31,1.11E-02,4.86E-05,Moderately soluble,-6.67,4.83E-05,2.11E-07,Poorly soluble,-4.51,7.12E-03,3.12E-05,Moderately soluble,High,Yes,No,Yes,No,No,No,No,-3.35,0,0,1,0,1,0.85,0,0,3,2.09
Plantago major,Dihydroxyphenylalanine,OC(=O)[C@H](Cc1ccc(c(c1)O)O)N,C9H11NO4,197.19,14,6,0.22,3,5,4,49.55,103.78,0.72,-2.74,0.05,-2.26,-0.07,-0.86,0.54,6.91E+02,3.50E+00,Highly soluble,1.11,2.56E+03,1.30E+01,Highly soluble,-0.72,3.76E+01,1.91E-01,Soluble,High,No,No,No,No,No,No,No,-9.45,0,0,0,0,2,0.55,1,1,1,1.81
Plantago major,Dopamine,NCCc1ccc(c(c1)O)O,C8H11NO2,153.18,11,6,0.25,2,3,3,42.97,66.48,1.27,-0.98,0.6,0.6,0.8,0.46,-0.44,5.51E+01,3.60E-01,Very soluble,0.07,1.80E+02,1.17E+00,Highly soluble,-1.68,3.19E+00,2.08E-02,Soluble,High,No,No,No,No,No,No,No,-7.93,0,1,0,0,1,0.55,1,1,1,1.01
Plantago major,Noradrenaline,NC[C@@H](c1ccc(c(c1)O)O)O,C8H11NO3,169.18,12,6,0.25,2,4,4,44.13,86.71,0.87,-1.24,-0.23,-0.25,0.02,-0.17,-0.35,7.63E+01,4.51E-01,Very soluble,-0.09,1.39E+02,8.22E-01,Very soluble,-0.76,2.94E+01,1.74E-01,Soluble,High,No,No,No,No,No,No,No,-8.21,0,0,0,0,1,0.55,1,1,1,1.69
Plantago major,Tyramine,NCCc1ccc(cc1)O,C8H11NO,137.18,10,6,0.25,2,2,2,40.95,46.25,1.36,1.1,0.89,1.21,1.28,1.17,-1.7,2.77E+00,2.02E-02,Very soluble,-1.66,2.97E+00,2.17E-02,Very soluble,-2.24,7.84E-01,5.71E-03,Soluble,High,Yes,No,No,No,No,No,No,-6.36,0,1,0,0,1,0.55,0,0,1,1
Plantago major,Gentisic acid,Oc1ccc(c(c1)C(=O)O)O,C7H6O4,154.12,11,6,0,1,4,3,37.45,77.76,0.49,1.74,0.8,0.4,0.26,0.74,-2.23,9.09E-01,5.90E-03,Soluble,-2.99,1.58E-01,1.02E-03,Soluble,-0.6,3.83E+01,2.48E-01,Soluble,High,No,No,No,No,No,No,Yes,-6,0,3,0,0,1,0.56,0,1,1,1.1
Plantago major,Syringic acid,COc1cc(cc(c1O)OC)C(=O)O,C9H10O5,198.17,14,6,0.22,3,5,2,48.41,75.99,1.54,1.04,1.11,0.49,0.77,0.99,-1.84,2.84E+00,1.44E-02,Very soluble,-2.23,1.18E+00,5.94E-03,Soluble,-1.46,6.93E+00,3.50E-02,Soluble,High,No,No,No,No,No,No,No,-6.77,0,0,0,0,1,0.56,0,0,1,1.7
Plantago major,Vanillic acid,COc1cc(ccc1O)C(=O)O,C8H8O4,168.15,12,6,0.12,2,4,2,41.92,66.76,1.4,1.43,1.1,0.74,0.73,1.08,-2.02,1.60E+00,9.52E-03,Soluble,-2.44,6.15E-01,3.66E-03,Soluble,-1.32,8.10E+00,4.82E-02,Soluble,High,No,No,No,No,No,No,No,-6.31,0,0,0,0,1,0.85,0,0,1,1.42
Plantago major,3-O-Caffeoylquinic acid,O=C(O[C@@H]1C[C@@](O)(C[C@H]([C@H]1O)O)C(=O)O)/C=C/c1ccc(c(c1)O)O,C16H18O9,354.31,25,6,0.38,5,9,6,83.5,164.75,0.87,-0.42,-0.75,-1.05,-0.61,-0.39,-1.62,8.50E+00,2.40E-02,Very soluble,-2.58,9.42E-01,2.66E-03,Soluble,0.4,8.94E+02,2.52E+00,Soluble,Low,No,No,No,No,No,No,No,-8.76,1,1,1,1,2,0.11,1,2,1,4.16
Plantago major,Ferulic acid,COc1cc(/C=C/C(=O)O)ccc1O,C10H10O4,194.18,14,6,0.1,3,4,2,51.63,66.76,1.62,1.51,1.39,1,1.26,1.36,-2.11,1.49E+00,7.68E-03,Soluble,-2.52,5.86E-01,3.02E-03,Soluble,-1.42,7.43E+00,3.83E-02,Soluble,High,Yes,No,No,No,No,No,No,-6.41,0,0,0,0,1,0.85,0,1,1,1.93
Plantago major,Asperuloside,OC[C@H]1O[C@@H](O[C@@H]2OC=C3[C@@H]4[C@H]2C(=C[C@H]4OC3=O)COC(=O)C)[C@H]([C@H]([C@@H]1O)O)O,C18H22O11,414.36,29,0,0.67,6,11,4,89.71,161.21,2.33,-2.42,-2.3,-1.66,-1.88,-1.18,-0.49,1.35E+02,3.25E-01,Very soluble,-0.43,1.56E+02,3.76E-01,Very soluble,1.47,1.21E+04,2.93E+01,Soluble,Low,No,No,No,No,No,No,No,-10.55,1,1,1,1,3,0.11,0,2,1,5.87
Plantago major,Aucubin,OCC1=C[C@@H]([C@@H]2[C@@H]1[C@@H](OC=C2)O[C@@H]1O[C@H](CO)[C@@H]([C@@H]([C@H]1O)O)O)O,C15H22O9,346.33,24,0,0.73,4,9,6,77.15,149.07,1.43,-3.02,-2.8,-2.29,-2.78,-1.89,0.18,5.23E+02,1.51E+00,Highly soluble,0.45,9.81E+02,2.83E+00,Highly soluble,2.76,2.00E+05,5.77E+02,Soluble,Low,No,Yes,No,No,No,No,No,-10.56,1,1,1,1,2,0.55,0,1,0,5.79
Plantago major,Catalpol,OC[C@H]1O[C@@H](O[C@@H]2OC=C[C@H]3[C@H]2[C@@]2(CO)O[C@H]2[C@H]3O)[C@@H]([C@H]([C@@H]1O)O)O,C15H22O10,362.33,25,0,0.87,4,10,6,76.64,161.6,1.14,-3.22,-3.59,-2.96,-2.91,-2.31,0.21,5.82E+02,1.61E+00,Highly soluble,0.4,9.03E+02,2.49E+00,Highly soluble,3.03,3.89E+05,1.07E+03,Soluble,Low,No,Yes,No,No,No,No,No,-10.8,1,1,1,1,3,0.55,0,1,1,5.72
Plantago major,Stigmasterol,CC[C@@H](C(C)C)/C=C/[C@@H]([C@H]1CC[C@@H]2[C@]1(C)CC[C@H]1[C@H]2CC=C2[C@]1(C)CC[C@@H](C2)O)C,C29H48O,412.69,30,0,0.86,5,1,1,132.75,20.23,5.1,8.56,7.8,6.62,6.86,6.99,-7.46,1.43E-05,3.46E-08,Poorly soluble,-8.86,5.71E-07,1.38E-09,Poorly soluble,-5.47,1.40E-03,3.39E-06,Moderately soluble,Low,No,No,No,No,Yes,No,No,-2.74,1,3,0,1,2,0.55,0,1,2,6.21
Plantago major,Apigenin,Oc1ccc(cc1)c1cc(=O)c2c(o1)cc(cc2O)O,C15H10O5,270.24,20,16,0,1,5,3,73.99,90.9,1.89,3.02,2.58,0.52,2.52,2.11,-3.94,3.07E-02,1.14E-04,Soluble,-4.59,6.88E-03,2.55E-05,Moderately soluble,-4.4,1.07E-02,3.94E-05,Moderately soluble,High,No,No,Yes,No,No,Yes,Yes,-5.8,0,0,0,0,0,0.55,0,0,0,2.96
Plantago major,Cynaroside,OC[C@H]1O[C@@H](Oc2cc(O)c3c(c2)oc(cc3=O)c2ccc(c(c2)O)O)[C@@H]([C@H]([C@@H]1O)O)O,C21H20O11,448.38,32,16,0.29,4,11,7,108.13,190.28,1.76,1.46,-0.24,-2.1,-0.12,0.15,-3.65,1.01E-01,2.26E-04,Soluble,-5.06,3.89E-03,8.67E-06,Moderately soluble,-2.1,3.55E+00,7.91E-03,Soluble,Low,No,Yes,No,No,No,No,No,-8,2,0,1,1,3,0.17,1,1,1,5.17
Plantago major,Luteolin 7-O-beta-D-glucuronide,OC(=O)[C@H]1O[C@@H](Oc2cc(O)c3c(c2)oc(cc3=O)c2ccc(c(c2)O)O)[C@@H]([C@H]([C@@H]1O)O)O,C21H18O12,462.36,33,16,0.24,4,12,7,108.74,207.35,1.56,0.97,-0.15,-2.12,-0.57,-0.06,-3.41,1.79E-01,3.87E-04,Soluble,-4.91,5.66E-03,1.22E-05,Moderately soluble,-1.63,1.08E+01,2.33E-02,Soluble,Low,No,Yes,No,No,No,No,No,-8.43,2,0,1,1,3,0.11,1,1,1,5.11
Plantago major,Plantagoside,OC[C@H]1O[C@@H](Oc2cc(cc(c2O)O)[C@@H]2CC(=O)c3c(O2)cc(cc3O)O)[C@H]([C@H]([C@@H]1O)O)O,C21H22O12,466.39,33,12,0.38,4,12,8,107.74,206.6,0.06,-0.06,-0.93,-2.4,-1.06,-0.88,-2.7,9.33E-01,2.00E-03,Soluble,-3.83,6.94E-02,1.49E-04,Soluble,-0.52,1.40E+02,2.99E-01,Soluble,Low,No,No,No,No,No,No,No,-9.19,2,1,1,1,3,0.17,1,1,1,5.14
Plantago major,Ixoroside,OC[C@H]1O[C@@H](O[C@@H]2OC=C([C@@H]3[C@H]2[C@@](C)(O)CC3)C=O)[C@H]([C@H]([C@@H]1O)O)O,C16H24O9,360.36,25,0,0.81,4,9,5,81.51,145.91,1.39,-2.03,-1.98,-2.05,-1.57,-1.25,-0.53,1.06E+02,2.94E-01,Very soluble,-0.51,1.12E+02,3.10E-01,Very soluble,1.58,1.36E+04,3.78E+01,Soluble,Low,No,Yes,No,No,No,No,No,-9.94,0,1,1,1,1,0.56,0,1,1,5.64
Plantago major,Gardoside,OC[C@H]1O[C@@H](O[C@@H]2OC=C([C@@H]3[C@H]2C(=C)[C@H](C3)O)C(=O)O)[C@H]([C@@H]([C@@H]1O)O)O,C16H22O10,374.34,26,0,0.69,4,10,6,82.57,166.14,0.71,-2.48,-2.32,-2.1,-2.45,-1.73,-0.33,1.73E+02,4.63E-01,Very soluble,-0.47,1.28E+02,3.41E-01,Very soluble,2.38,9.02E+04,2.41E+02,Soluble,Low,No,No,No,No,No,No,No,-10.34,1,1,1,1,3,0.11,0,1,1,5.71
Plantago major,Geniposidic acid,OC[C@H]1O[C@H](O[C@@H]2OC=C([C@@H]3[C@H]2C(=CC3)CO)C(=O)O)[C@H]([C@H]([C@@H]1O)O)O,C16H22O10,374.34,26,0,0.69,5,10,6,82.57,166.14,1.92,-2.67,-2.32,-2.1,-2.45,-1.52,-0.15,2.66E+02,7.10E-01,Very soluble,-0.27,2.01E+02,5.38E-01,Very soluble,2.38,9.02E+04,2.41E+02,Soluble,Low,No,No,No,No,No,No,No,-10.48,1,1,1,1,3,0.11,0,1,1,5.72
Plantago major,Yuheinoside,OC[C@@H]1O[C@H](O[C@@H]2OC=C([C@@]3([C@H]2[C@H](C)CC3)O)C=O)[C@H]([C@@H]([C@@H]1O)O)O,C16H24O9,360.36,25,0,0.81,4,9,5,81.51,145.91,1.13,-1.33,-1.98,-2.05,-1.57,-1.16,-0.97,3.84E+01,1.07E-01,Very soluble,-1.24,2.10E+01,5.82E-02,Very soluble,1.58,1.36E+04,3.78E+01,Soluble,Low,No,Yes,No,No,No,No,No,-9.44,0,1,1,1,0,0.56,0,1,1,5.62
Plantago major,Oleanolic acid,O[C@H]1CC[C@]2([C@@H](C1(C)C)CC[C@@]1([C@H]2CC=C2[C@@]1(C)CC[C@@]1([C@@H]2CC(C)(C)CC1)C(=O)O)C)C,C30H48O3,456.7,33,0,0.9,1,3,2,136.65,57.53,4.14,7.49,7.23,5.82,5.85,6.11,-7.32,2.16E-05,4.74E-08,Poorly soluble,-8.53,1.34E-06,2.94E-09,Poorly soluble,-6.12,3.45E-04,7.55E-07,Poorly soluble,Low,No,No,No,No,No,No,No,-3.77,1,3,0,1,1,0.85,0,1,2,6.08
Plantago major,(-)-Loliolide,O[C@@H]1C[C@@]2(C)OC(=O)C=C2C(C1)(C)C,C11H16O3,196.24,14,0,0.73,0,3,1,52.51,46.53,2.01,1,1.41,1.49,1.86,1.55,-1.69,4.04E+00,2.06E-02,Very soluble,-1.57,5.33E+00,2.72E-02,Very soluble,-1.82,3.00E+00,1.53E-02,Soluble,High,Yes,No,No,No,No,No,No,-6.79,0,0,0,0,1,0.55,0,0,1,3.63
Plantago major,Ursolic acid,CC(=O)O[C@H]1CC[C@]2([C@H](C1(C)C)CC[C@@]1([C@@H]2CC=C2[C@@]1(C)CC[C@@]1([C@H]2[C@@H](C)[C@H](C)CC1)C(=O)O)C)C,C32H50O4,498.74,36,0,0.88,3,4,1,146.65,63.6,4.4,7.92,7.66,6.06,5.97,6.4,-7.72,9.42E-06,1.89E-08,Poorly soluble,-9.11,3.91E-07,7.85E-10,Poorly soluble,-6.28,2.63E-04,5.27E-07,Poorly soluble,Low,No,No,No,No,No,No,No,-3.72,1,4,0,1,1,0.85,0,1,2,6.27
Plantago major,Cinnamic acid,OC(=O)/C=C/c1ccccc1,C9H8O2,148.16,11,6,0,2,2,1,43.11,37.3,1.55,2.13,1.68,1.9,1.7,1.79,-2.37,6.29E-01,4.25E-03,Soluble,-2.54,4.23E-01,2.85E-03,Soluble,-1.84,2.14E+00,1.45E-02,Soluble,High,Yes,No,No,No,No,No,No,-5.69,0,2,0,0,1,0.85,0,1,1,1.67
Plantago major,Neochlorogenic acid,O=C(O[C@@H]1C[C@](O)(C[C@H]([C@@H]1O)O)C(=O)O)/C=C/c1ccc(c(c1)O)O,C16H18O9,354.31,25,6,0.38,5,9,6,83.5,164.75,0.56,-0.42,-0.75,-1.05,-0.61,-0.46,-1.62,8.50E+00,2.40E-02,Very soluble,-2.58,9.42E-01,2.66E-03,Soluble,0.4,8.94E+02,2.52E+00,Soluble,Low,No,No,No,No,No,No,No,-8.76,1,1,1,1,2,0.11,1,2,1,4.16
Plantago major,Melampyroside,OC[C@H]1O[C@@H](O[C@@H]2OC=C[C@H]3[C@H]2C(=C[C@@H]3O)COC(=O)c2ccccc2)[C@@H]([C@H]([C@H]1O)O)O,C22H26O10,450.44,32,6,0.5,7,10,5,106.79,155.14,2.19,-0.79,-0.94,-0.71,-1.26,-0.3,-1.81,6.95E+00,1.54E-02,Very soluble,-1.99,4.62E+00,1.02E-02,Very soluble,0.07,5.27E+02,1.17E+00,Soluble,Low,No,No,No,No,No,No,No,-9.61,0,1,1,1,1,0.55,0,1,1,5.92
Plantago major,10-Acetoxymajoroside,OC[C@H]1O[C@@H](O[C@@H]2OC=C([C@@H]3C2=C(COC(=O)C)[C@H](C3)O)C(=O)OC)[C@@H]([C@H]([C@@H]1O)O)O,C19H26O12,446.4,31,0,0.68,8,12,5,97.79,181.44,2.09,-3.29,-2.54,-2.18,-1.9,-1.56,-0.01,4.39E+02,9.84E-01,Very soluble,0.05,5.04E+02,1.13E+00,Highly soluble,1.45,1.25E+04,2.81E+01,Soluble,Low,No,No,No,No,No,No,No,-11.36,1,1,1,1,3,0.11,0,2,2,6.02
Plantago major,10-Hydroxymajoroside,OC[C@H]1O[C@@H](O[C@@H]2OC=C([C@@H]3C2=C(CO)[C@H](C3)O)C(=O)OC)[C@@H]([C@H]([C@@H]1O)O)O,C17H24O11,404.37,28,0,0.71,6,11,6,88.05,175.37,1.59,-3.31,-3.11,-2.62,-2.4,-1.97,0.13,5.51E+02,1.36E+00,Highly soluble,0.2,6.42E+02,1.59E+00,Highly soluble,2.06,4.64E+04,1.15E+02,Soluble,Low,No,No,No,No,No,No,No,-11.12,2,1,1,1,4,0.11,0,1,1,5.9
Plantago major,Majoroside,OC[C@H]1O[C@@H](O[C@@H]2OC=C([C@@H]3C2=C(C)[C@H](C3)O)C(=O)OC)[C@@H]([C@H]([C@@H]1O)O)O,C17H24O10,388.37,27,0,0.71,5,10,5,86.89,155.14,1.87,-2.61,-2.09,-1.86,-1.8,-1.3,-0.27,2.07E+02,5.33E-01,Very soluble,-0.1,3.08E+02,7.93E-01,Very soluble,1.49,1.20E+04,3.08E+01,Soluble,Low,No,No,No,No,No,No,No,-10.52,0,1,1,1,2,0.11,0,1,1,5.86
Rosa multiflora,Reynoutrin,Oc1cc(O)c2c(c1)oc(c(c2=O)O[C@H]1OC[C@@H]([C@H]([C@@H]1O)O)O)c1ccc(c(c1)O)O,C20H18O11,434.35,31,16,0.25,3,11,7,104.19,190.28,0.96,0.43,0.1,-2.06,-0.1,-0.13,-2.99,4.47E-01,1.03E-03,Soluble,-3.99,4.41E-02,1.02E-04,Soluble,-1.94,4.96E+00,1.14E-02,Soluble,Low,No,No,No,No,No,No,No,-8.64,2,0,1,1,3,0.17,1,1,1,5.05
Rosa multiflora,Quercetin3-O-alpha-rhamnopyranoside,Oc1cc(O)c2c(c1)oc(c(c2=O)O[C@@H]1O[C@@H](C)[C@@H]([C@H]([C@@H]1O)O)O)c1ccc(c(c1)O)O,C21H20O11,448.38,32,16,0.29,3,11,7,109,190.28,2.34,0.86,0.49,-1.84,0.01,0.37,-3.33,2.08E-01,4.64E-04,Soluble,-4.44,1.63E-02,3.63E-05,Moderately soluble,-2.08,3.69E+00,8.22E-03,Soluble,Low,No,Yes,No,No,No,No,No,-8.42,2,0,1,1,3,0.17,1,1,1,5.28
Rosa multiflora,Euscophic acid,O[C@@H]1C[C@@]2(C)[C@H](C([C@@H]1O)(C)C)CC[C@@]1([C@@H]2CC=C2[C@@]1(C)CC[C@@]1([C@H]2[C@](C)(O)[C@H](C)CC1)C(=O)O)C,C30H48O5,488.7,35,0,0.9,1,5,4,139.28,97.99,3.37,4.96,5.18,4.14,4.07,4.34,-5.93,5.76E-04,1.18E-06,Moderately soluble,-6.76,8.57E-05,1.75E-07,Poorly soluble,-4.48,1.63E-02,3.33E-05,Moderately soluble,High,No,Yes,No,No,No,No,No,-5.76,0,3,0,0,0,0.56,0,1,2,6.59
Rosa multiflora,"Methyl 3,4,5-trihydroxybenzoate",COC(=O)c1cc(O)c(c(c1)O)O,C8H8O5,184.15,13,6,0.12,2,5,3,43.79,86.99,0.97,0.86,0.59,0.18,0.28,0.57,-1.73,3.41E+00,1.85E-02,Very soluble,-2.27,9.88E-01,5.37E-03,Soluble,-0.75,3.28E+01,1.78E-01,Soluble,High,No,No,No,No,No,No,No,-6.81,0,0,0,0,1,0.55,1,1,1,1.5
Rosa multiflora,Rosamultic acid,OCC1=C[C@@]([C@H]2[C@@]1(C)[C@H]1CC=C3[C@@]([C@@]1(CC2)C)(C)CC[C@@]1([C@H]3[C@](C)(O)[C@H](C)CC1)C(=O)O)(C)CO,C30H46O5,486.68,35,0,0.83,3,5,4,138.8,97.99,3.4,4.03,4.95,4.04,4.51,4.19,-5.2,3.08E-03,6.33E-06,Moderately soluble,-5.79,7.88E-04,1.62E-06,Moderately soluble,-4.83,7.13E-03,1.47E-05,Moderately soluble,High,No,Yes,No,No,No,No,No,-6.41,0,3,0,0,0,0.56,0,1,2,6.66
Rosa multiflora,Multiflorin,COC(=O)C1=COC2C3C1CC(=O)OC3CO2,C11H12O6,240.21,17,0,0.64,2,6,0,52.91,71.06,1.82,-0.13,-0.02,0.12,0.38,0.43,-1.12,1.84E+01,7.67E-02,Very soluble,-0.91,2.97E+01,1.23E-01,Very soluble,-0.39,9.72E+01,4.05E-01,Soluble,High,No,No,No,No,No,No,No,-7.86,0,0,0,0,0,0.85,0,1,1,4.4
Punica granatum,Dihydromyricetin,Oc1cc2O[C@H](c3cc(O)c(c(c3)O)O)[C@H](C(=O)c2c(c1)O)O,C15H12O8,320.25,23,12,0.13,1,8,6,76.78,147.68,0.67,0.59,0.57,-1.16,0.18,0.17,-2.52,9.73E-01,3.04E-03,Soluble,-3.26,1.74E-01,5.44E-04,Soluble,-1.44,1.16E+01,3.61E-02,Soluble,Low,No,No,No,No,No,No,No,-7.83,1,0,1,1,1,0.55,1,1,0,3.55
Punica granatum,Catechin,Oc1cc2O[C@H](c3ccc(c(c3)O)O)[C@H](Cc2c(c1)O)O,C15H14O6,290.27,21,12,0.2,1,6,5,74.33,110.38,1.33,0.36,1.22,0.24,0.98,0.83,-2.22,1.74E+00,5.98E-03,Soluble,-2.24,1.66E+00,5.72E-03,Soluble,-2.14,2.09E+00,7.19E-03,Soluble,High,No,Yes,No,No,No,No,No,-7.82,0,0,0,0,0,0.55,1,1,0,3.5
Punica granatum,Epicatechin,Oc1cc2O[C@H](c3ccc(c(c3)O)O)[C@@H](Cc2c(c1)O)O,C15H14O6,290.27,21,12,0.2,1,6,5,74.33,110.38,1.47,0.36,1.22,0.24,0.98,0.85,-2.22,1.74E+00,5.98E-03,Soluble,-2.24,1.66E+00,5.72E-03,Soluble,-2.14,2.09E+00,7.19E-03,Soluble,High,No,Yes,No,No,No,No,No,-7.82,0,0,0,0,0,0.55,1,1,0,3.5
Punica granatum,Eriodictyol,Oc1cc2O[C@@H](CC(=O)c2c(c1)O)c1ccc(c(c1)O)O,C15H12O6,288.25,21,12,0.13,1,6,4,73.59,107.22,1.62,2.02,1.89,0.16,1.56,1.45,-3.26,1.60E-01,5.54E-04,Soluble,-3.9,3.64E-02,1.26E-04,Soluble,-2.84,4.19E-01,1.45E-03,Soluble,High,No,Yes,No,No,No,No,Yes,-6.62,0,0,0,0,0,0.55,1,1,0,3.11
Punica granatum,Phloridzin,OC[C@@H]1O[C@@H](Oc2cc(O)cc(c2C(=O)CCc2ccc(cc2)O)O)[C@H]([C@H]([C@@H]1O)O)O,C21H24O10,436.41,31,12,0.38,7,10,7,106.14,177.14,1.49,0.54,-0.2,-1.42,0.13,0.11,-2.71,8.50E-01,1.95E-03,Soluble,-3.83,6.43E-02,1.47E-04,Soluble,-1.66,9.59E+00,2.20E-02,Soluble,Low,No,Yes,No,No,No,No,No,-8.58,1,0,1,1,2,0.55,0,0,1,4.93
Punica granatum,myricetin,Oc1cc(O)c2c(c1)oc(c(c2=O)O)c1cc(O)c(c(c1)O)O,C15H10O8,318.24,23,16,0,1,8,6,80.06,151.59,1.08,1.18,1.69,-1.08,1.06,0.79,-3.01,3.14E-01,9.88E-04,Soluble,-3.96,3.50E-02,1.10E-04,Soluble,-2.66,6.98E-01,2.19E-03,Soluble,Low,No,No,Yes,No,No,No,Yes,-7.4,1,0,1,1,2,0.55,1,1,0,3.27
Punica granatum,Glucose,OC[C@H]1O[C@H](O)[C@H]([C@H]([C@H]1O)O)O,C6H12O6,180.16,12,0,1,1,6,5,35.74,110.38,0.2,-3.24,-3.22,-2.75,-2.3,-2.26,1.15,2.55E+03,1.41E+01,Highly soluble,1.49,5.61E+03,3.11E+01,Highly soluble,2.62,7.42E+04,4.12E+02,Soluble,Low,No,Yes,No,No,No,No,No,-9.7,0,2,0,0,2,0.55,0,0,1,4.08
Punica granatum,Sucrose,OC[C@H]1O[C@@]([C@@H]([C@H]1O)O)(CO)O[C@H]1O[C@@H](CO)[C@H]([C@@H]([C@H]1O)O)O,C12H22O11,342.3,23,0,1,5,11,8,68.16,189.53,0.25,-3.7,-5.4,-4.37,-3.86,-3.41,0.7,1.71E+03,5.00E+00,Highly soluble,0.31,6.96E+02,2.03E+00,Highly soluble,3.67,1.62E+06,4.73E+03,Soluble,Low,No,Yes,No,No,No,No,No,-11.02,2,1,1,1,4,0.17,0,0,0,5.16
Punica granatum,L-Malic acid,OC(=O)C[C@@H](C(=O)O)O,C4H6O5,134.09,9,0,0.5,3,5,3,26.05,94.83,-0.01,-1.26,-1.09,-1.37,-1.25,-1,0.32,2.80E+02,2.09E+00,Highly soluble,-0.24,7.80E+01,5.82E-01,Very soluble,1.53,4.51E+03,3.37E+01,Soluble,High,No,No,No,No,No,No,No,-8.01,0,4,0,0,2,0.56,0,0,1,2.27
Punica granatum,Oxalic acid,OC(=O)C(=O)O,C2H2O4,90.03,6,0,0,1,4,2,15.27,74.6,-0.35,-0.25,-0.84,-1.51,-0.97,-0.79,-0.17,6.02E+01,6.69E-01,Very soluble,-0.86,1.25E+01,1.39E-01,Very soluble,1.47,2.66E+03,2.95E+01,Soluble,High,No,No,No,No,No,No,No,-7.03,0,4,0,0,2,0.85,0,1,1,1
Punica granatum,Shikimic acid,O[C@@H]1CC(=C[C@H]([C@H]1O)O)C(=O)O,C7H10O5,174.15,12,0,0.57,1,5,4,38.43,97.99,0.51,-1.72,-1.52,-1.43,-1.36,-1.1,0.23,2.96E+02,1.70E+00,Highly soluble,0.18,2.61E+02,1.50E+00,Highly soluble,1.75,9.75E+03,5.60E+01,Soluble,High,No,No,No,No,No,No,No,-8.58,0,2,0,0,1,0.56,0,0,1,3.77
Punica granatum,Succinic acid,OC(=O)CCC(=O)O,C4H6O4,118.09,8,0,0.5,3,4,2,24.89,74.6,0.32,-0.59,-0.06,-0.54,-0.63,-0.3,0,1.17E+02,9.94E-01,Very soluble,-0.51,3.69E+01,3.12E-01,Very soluble,0.61,4.86E+02,4.11E+00,Soluble,High,No,No,No,No,No,No,No,-7.44,0,3,0,0,2,0.85,0,0,1,1.29
Punica granatum,Tartaric acid,O[C@H]([C@H](C(=O)O)O)C(=O)O,C4H6O6,150.09,10,0,0.5,3,6,4,27.21,115.06,-0.29,-1.88,-2.12,-2.18,-1.88,-1.67,0.61,6.14E+02,4.09E+00,Highly soluble,-0.02,1.44E+02,9.63E-01,Very soluble,2.44,4.17E+04,2.78E+02,Soluble,Low,No,No,No,No,No,No,No,-8.55,0,4,0,0,2,0.56,0,0,1,2.57
Punica granatum,Arachidic acid,CCCCCCCCCCCCCCCCCCCC(=O)O,C20H40O2,312.53,22,0,0.95,18,2,1,100.03,37.3,4.56,9.29,7.11,5.13,7.01,6.62,-6.44,1.13E-04,3.61E-07,Poorly soluble,-9.97,3.31E-08,1.06E-10,Poorly soluble,-6.91,3.84E-05,1.23E-07,Poorly soluble,Low,No,No,Yes,No,No,No,No,-1.61,1,1,1,1,2,0.85,0,0,2,2.77
Punica granatum,Behenic acid,CCCCCCCCCCCCCCCCCCCCCC(=O)O,C22H44O2,340.58,24,0,0.95,20,2,1,109.64,37.3,5.26,10.37,7.89,5.58,7.89,7.4,-7.16,2.33E-05,6.84E-08,Poorly soluble,-11.1,2.73E-09,8.03E-12,Insoluble,-7.7,6.75E-06,1.98E-08,Poorly soluble,Low,No,No,Yes,No,No,No,No,-1.01,1,1,1,1,2,0.85,0,0,2,3
Punica granatum,Capric acid,CCCCCCCCCC(=O)O,C10H20O2,172.26,12,0,0.9,8,2,1,51.96,37.3,2.5,4.09,3.21,2.58,2.63,3,-2.96,1.90E-01,1.10E-03,Soluble,-4.58,4.54E-03,2.64E-05,Moderately soluble,-2.87,2.30E-01,1.34E-03,Soluble,High,Yes,No,No,No,No,No,No,-4.45,0,0,0,0,1,0.85,0,0,3,1.67
Punica granatum,alpha-Eleostearic acid,CCCC/C=C/C=C/C=C\CCCCCCCC(=O)O,C18H30O2,278.43,20,0,0.61,13,2,1,88.99,37.3,4.07,6.61,5.66,4.38,5.59,5.26,-4.87,3.73E-03,1.34E-05,Moderately soluble,-7.19,1.78E-05,6.40E-08,Poorly soluble,-3.96,3.08E-02,1.11E-04,Soluble,High,Yes,No,Yes,No,Yes,No,No,-3.31,1,1,1,0,1,0.85,0,1,2,3.53
Punica granatum,Caproic acid,CCCCCC(=O)O,C6H12O2,116.16,8,0,0.83,4,2,1,32.73,37.3,1.57,1.92,1.65,1.27,0.93,1.47,-1.51,3.62E+00,3.12E-02,Very soluble,-2.33,5.47E-01,4.71E-03,Soluble,-1.21,7.23E+00,6.22E-02,Soluble,High,Yes,No,No,No,No,No,No,-5.65,0,2,0,0,1,0.85,0,0,1,1.17
Punica granatum,Lauric acid,CCCCCCCCCCCC(=O)O,C12H24O2,200.32,14,0,0.92,10,2,1,61.57,37.3,2.7,4.2,3.99,3.15,3.5,3.51,-3.07,1.71E-01,8.55E-04,Soluble,-4.69,4.06E-03,2.03E-05,Moderately soluble,-3.69,4.05E-02,2.02E-04,Soluble,High,Yes,No,No,No,No,No,No,-4.54,0,0,0,0,0,0.85,0,0,3,1.87
Punica granatum,Linoleic acid,CCCCC/C=C\C/C=C/CCCCCCCC(=O)O,C18H32O2,280.45,20,0,0.72,14,2,1,89.46,37.3,3.92,6.98,5.88,4.47,5.77,5.4,-5.05,2.49E-03,8.87E-06,Moderately soluble,-7.58,7.42E-06,2.64E-08,Poorly soluble,-4.67,5.93E-03,2.11E-05,Moderately soluble,High,Yes,No,Yes,No,Yes,No,No,-3.05,1,1,1,1,1,0.85,0,1,2,3.1
Punica granatum,Gamma-Linolenic acid,CCCCC/C=C\C/C=C\C/C=C\CCCCC(=O)O,C18H30O2,278.43,20,0,0.61,13,2,1,88.99,37.3,3.92,6.98,5.66,4.47,5.77,5.4,-5.05,2.49E-03,8.87E-06,Moderately soluble,-7.58,7.42E-06,2.64E-08,Poorly soluble,-4.67,5.93E-03,2.11E-05,Moderately soluble,High,Yes,No,Yes,No,Yes,No,No,-3.05,1,1,1,1,1,0.85,0,1,2,3.1
Melilotus officinalis,Soyasapogenol B,OC[C@@]1(C)[C@@H](O)CC[C@]2([C@@H]1CC[C@@]1([C@@H]2CC=C2[C@@]1(C)CC[C@@]1([C@@H]2CC(C[C@H]1O)(C)C)C)C)C,C30H50O3,458.72,33,0,0.93,1,3,3,137.21,60.69,4.04,6.96,6.11,5.12,5.41,5.53,-7,4.56E-05,9.93E-08,Poorly soluble,-8.05,4.11E-06,8.95E-09,Poorly soluble,-5.77,7.79E-04,1.70E-06,Moderately soluble,High,No,No,No,No,No,No,No,-4.16,1,3,0,1,1,0.55,0,1,2,6.4
Melilotus officinalis,Trigonelline,C[n+]1cccc(c1)C(=O)[O-],C7H7NO2,137.14,10,6,0.14,1,2,0,35.05,44.01,-3.11,0.51,-1.13,0.33,0.36,-0.61,-1.39,5.59E+00,4.08E-02,Very soluble,-1,1.36E+01,9.89E-02,Very soluble,-0.94,1.59E+01,1.16E-01,Soluble,High,No,No,No,No,No,No,No,-6.77,0,4,0,0,1,0.55,0,1,1,1.04
Melilotus officinalis,Melilotic acid,OC(=O)CCc1ccccc1O,C9H10O3,166.17,12,6,0.22,3,3,2,44.82,57.53,1.13,1.43,1.41,1.37,1.4,1.35,-1.94,1.89E+00,1.14E-02,Very soluble,-2.24,9.49E-01,5.71E-03,Soluble,-2,1.67E+00,1.01E-02,Soluble,High,Yes,No,No,No,No,No,No,-6.3,0,0,0,0,1,0.85,0,0,1,1.18
Melilotus officinalis,Melilotigenin,OC[C@@]1(C)[C@@H](O)CC[C@]2([C@H]1CC[C@@]1([C@@H]2CC=C2[C@@]1(C)CC[C@@]1([C@H]2C[C@@](CC1=O)(C)C(=O)O)C)C)C,C30H46O5,486.68,35,0,0.87,2,5,3,138.02,94.83,3.39,5.16,5.39,4.04,4.94,4.58,-5.98,5.14E-04,1.06E-06,Moderately soluble,-6.9,6.17E-05,1.27E-07,Poorly soluble,-5.42,1.85E-03,3.79E-06,Moderately soluble,High,No,Yes,No,No,No,No,No,-5.61,0,3,0,0,1,0.56,0,1,2,6.4
Melilotus officinalis,2-Chromanone,O=C1CCc2c(O1)cccc2,C9H8O2,148.16,11,6,0.22,0,2,0,40.79,26.3,1.76,1.64,1.54,1.86,2.46,1.85,-2.2,9.45E-01,6.38E-03,Soluble,-1.81,2.32E+00,1.57E-02,Very soluble,-2.84,2.16E-01,1.46E-03,Soluble,High,Yes,No,No,No,No,No,No,-6.04,0,2,0,0,1,0.55,0,1,1,1.78
Hypericum perforatum,Emodin anthrone,Cc1cc2Cc3cc(O)cc(c3C(=O)c2c(c1)O)O,C15H12O4,256.25,19,12,0.13,0,4,3,70.36,77.76,2.26,3.21,2.25,1.27,2.87,2.37,-3.92,3.09E-02,1.21E-04,Soluble,-4.52,7.83E-03,3.05E-05,Moderately soluble,-4.02,2.44E-02,9.53E-05,Moderately soluble,High,No,No,Yes,No,No,Yes,Yes,-5.58,0,0,0,0,0,0.55,0,0,0,2.55
Hypericum perforatum,5-Hydroxytryptamine,NCCc1c[nH]c2c1cc(O)cc2,C10H12N2O,176.22,13,9,0.2,2,2,3,52.8,62.04,1.18,1.49,1.37,0.65,1.95,1.33,-2.25,9.87E-01,5.60E-03,Soluble,-2.4,7.01E-01,3.98E-03,Soluble,-3.16,1.23E-01,6.98E-04,Soluble,High,Yes,No,No,No,No,No,No,-6.32,0,0,0,0,1,0.55,0,0,1,1.42
Hypericum perforatum,Tryptamine,NCCc1c[nH]c2c1cccc2,C10H12N2,160.22,12,9,0.2,2,1,2,50.78,41.81,1.54,0.7,1.67,1.26,2.46,1.53,-1.7,3.22E+00,2.01E-02,Very soluble,-1.16,1.12E+01,6.99E-02,Very soluble,-3.72,3.04E-02,1.90E-04,Soluble,High,Yes,No,Yes,No,No,No,No,-6.78,0,0,0,0,1,0.55,0,0,1,1.36
Hypericum perforatum,"1,3,6,7-Tetrahydroxyxanthone",Oc1cc(O)c2c(c1)oc1c(c2=O)cc(c(c1)O)O,C13H8O6,260.2,19,14,0,0,6,4,68.08,111.13,1.41,2.09,1.77,-0.24,1.49,1.3,-3.32,1.26E-01,4.84E-04,Soluble,-4.05,2.30E-02,8.84E-05,Moderately soluble,-2.99,2.66E-01,1.02E-03,Soluble,High,No,No,Yes,No,No,Yes,Yes,-6.4,0,0,0,0,0,0.55,1,2,0,2.87
Hypericum perforatum,"Luteolin 5,3'-dimethyl ether",COc1cc(ccc1O)c1cc(=O)c2c(o1)cc(cc2OC)O,C17H14O6,314.29,23,16,0.12,3,6,2,84.95,89.13,2.4,2.88,2.89,0.47,3.07,2.34,-3.92,3.78E-02,1.20E-04,Soluble,-4.41,1.22E-02,3.88E-05,Moderately soluble,-5.22,1.91E-03,6.08E-06,Moderately soluble,High,No,No,Yes,No,Yes,Yes,Yes,-6.17,0,0,0,0,0,0.55,0,0,0,3.25
Hypericum perforatum,Luteolin 3'-beta-D-glucopyranoside,OC[C@H]1O[C@@H](Oc2cc(O)cc3c2c(=O)cc(o3)c2ccc(c(c2)O)O)[C@@H]([C@H]([C@@H]1O)O)O,C21H20O11,448.38,32,16,0.29,4,11,7,108.13,190.28,1.02,0.91,-0.24,-2.1,-0.12,-0.11,-3.3,2.25E-01,5.02E-04,Soluble,-4.49,1.45E-02,3.23E-05,Moderately soluble,-2.1,3.55E+00,7.91E-03,Soluble,Low,No,No,No,No,No,No,No,-8.39,2,0,1,1,3,0.17,1,1,1,5.23
Hypericum perforatum,Quercetin,Oc1cc(O)c2c(c1)oc(c(c2=O)O)c1ccc(c(c1)O)O,C15H10O7,302.24,22,16,0,1,7,5,78.03,131.36,1.63,1.54,1.99,-0.56,1.54,1.23,-3.16,2.11E-01,6.98E-04,Soluble,-3.91,3.74E-02,1.24E-04,Soluble,-3.24,1.73E-01,5.73E-04,Soluble,High,No,No,Yes,No,No,Yes,Yes,-7.05,0,0,0,0,0,0.55,1,1,0,3.23
Hypericum perforatum,Quercetin-3-beta-galactoside,OC[C@H]1O[C@@H](Oc2c(oc3c(c2=O)c(O)cc(c3)O)c2ccc(c(c2)O)O)[C@H]([C@@H]([C@H]1O)O)O,C21H20O12,464.38,33,16,0.29,4,12,8,110.16,210.51,2.23,0.36,-0.54,-2.59,-0.59,-0.23,-3.04,4.23E-01,9.10E-04,Soluble,-4.35,2.10E-02,4.51E-05,Moderately soluble,-1.51,1.43E+01,3.08E-02,Soluble,Low,No,Yes,No,No,No,No,No,-8.88,2,1,1,1,3,0.17,1,1,1,5.32
Hypericum perforatum,Quercetin-3-O-glucoside,OC[C@H]1O[C@@H](Oc2c(oc3c(c2=O)c(O)cc(c3)O)c2ccc(c(c2)O)O)[C@@H]([C@@H]([C@@H]1O)O)O,C21H20O12,464.38,33,16,0.29,4,12,8,110.16,210.51,1.64,0.36,-0.54,-2.59,-0.59,-0.34,-3.04,4.23E-01,9.10E-04,Soluble,-4.35,2.10E-02,4.51E-05,Moderately soluble,-1.51,1.43E+01,3.08E-02,Soluble,Low,No,No,No,No,No,No,No,-8.88,2,1,1,1,3,0.17,1,1,1,5.32
Hypericum perforatum,Miquelianin,Oc1cc(O)c2c(c1)oc(c(c2=O)O[C@@H]1O[C@H](C(=O)O)[C@H]([C@H]([C@@H]1O)O)O)c1ccc(c(c1)O)O,C21H18O13,478.36,34,16,0.24,4,13,8,110.77,227.58,1.37,0.61,-0.45,-2.6,-1.04,-0.42,-3.27,2.54E-01,5.32E-04,Soluble,-4.96,5.20E-03,1.09E-05,Moderately soluble,-1.04,4.36E+01,9.12E-02,Soluble,Low,No,Yes,No,No,No,No,No,-8.78,2,1,1,1,3,0.11,1,1,1,5.26
Hypericum perforatum,Astilbin,Oc1cc(O)c2c(c1)O[C@@H]([C@@H](C2=O)O[C@@H]1O[C@@H](C)[C@@H]([C@H]([C@@H]1O)O)O)c1ccc(c(c1)O)O,C21H22O11,450.39,32,12,0.38,3,11,7,105.98,186.37,2.09,-0.14,-0.29,-1.91,-0.87,-0.22,-2.62,1.07E+00,2.38E-03,Soluble,-3.32,2.16E-01,4.79E-04,Soluble,-0.87,6.12E+01,1.36E-01,Soluble,Low,No,Yes,No,No,No,No,No,-9.15,2,0,1,1,3,0.17,1,1,1,5.27
Hypericum perforatum,Gancaonin O,CC(=CCc1c(O)cc2c(c1O)c(=O)cc(o2)c1ccc(c(c1)O)O)C,C20H18O6,354.35,26,16,0.15,3,6,4,99.73,111.13,3.04,4.46,3.79,1.09,3.73,3.22,-5.1,2.79E-03,7.87E-06,Moderately soluble,-6.51,1.09E-04,3.07E-07,Poorly soluble,-5.05,3.12E-03,8.81E-06,Moderately soluble,High,No,No,Yes,No,Yes,Yes,No,-5.29,0,0,0,0,0,0.55,1,2,2,3.51
Hypericum perforatum,7-(O-Acetyl)haplophyllidine,COc1c2ccoc2nc2c1CC[C@H]([C@@]2(OC)CC=C(C)C)OC(=O)C,C20H25NO5,359.42,26,9,0.5,6,6,0,98.17,70.79,3.23,3.41,3.8,2.04,4.06,3.31,-4.08,3.01E-02,8.38E-05,Moderately soluble,-4.58,9.53E-03,2.65E-05,Moderately soluble,-5.34,1.65E-03,4.60E-06,Moderately soluble,High,Yes,No,No,Yes,Yes,Yes,Yes,-6.07,0,0,0,0,0,0.55,0,1,1,4.57
Hypericum perforatum,3-O-p-Coumaroylquinic acid,O=C(O[C@@H]1C[C@@](O)(C[C@H]([C@H]1O)O)C(=O)O)/C=C/c1ccc(cc1)O,C16H18O8,338.31,24,6,0.38,5,8,5,81.48,144.52,0.83,-0.07,-0.46,-0.54,-0.15,-0.08,-1.75,6.04E+00,1.78E-02,Very soluble,-2.51,1.04E+00,3.07E-03,Soluble,-0.18,2.22E+02,6.56E-01,Soluble,Low,No,No,No,No,No,No,No,-8.41,0,1,1,1,0,0.56,0,1,0,4.07
Hypericum perforatum,Calycinoxanthone D,CC(=CC[C@H](C(=C)C)Cc1c(O)cc(c2c1oc1c(O)c(O)ccc1c2=O)O)C,C23H24O6,396.43,29,14,0.26,5,6,4,115.36,111.13,3.25,5.84,4.86,1.98,4.83,4.15,-6,3.93E-04,9.90E-07,Poorly soluble,-7.95,4.50E-06,1.13E-08,Poorly soluble,-5.47,1.35E-03,3.40E-06,Moderately soluble,High,No,No,Yes,No,Yes,No,Yes,-4.57,0,0,0,0,1,0.55,1,3,2,4.26
Hypericum perforatum,gamma-Mangostin,CC(=CCc1c(O)cc2c(c1O)c(=O)c1c(o2)cc(c(c1CC=C(C)C)O)O)C,C23H24O6,396.43,29,14,0.26,4,6,4,115.52,111.13,3.58,5.95,4.79,1.98,4.96,4.25,-6.14,2.87E-04,7.25E-07,Poorly soluble,-8.06,3.46E-06,8.72E-09,Poorly soluble,-5.45,1.40E-03,3.54E-06,Moderately soluble,High,No,No,Yes,No,Yes,No,No,-4.49,0,0,0,0,1,0.55,1,3,2,3.83
Hypericum perforatum,Hyperibone J,CC(=CCC[C@]1(C)[C@@H](CC=C(C)C)C[C@]2([C@]3([C@]1(C(=O)C(C)C)C(=O)[C@](O3)(C2=O)CC=C(C)C)O)C)C,C31H46O5,498.69,36,0,0.71,9,5,1,145.51,80.67,5.11,7.73,6.3,3.57,7.85,6.11,-7.21,3.09E-05,6.20E-08,Poorly soluble,-9.27,2.70E-07,5.41E-10,Poorly soluble,-6.61,1.23E-04,2.47E-07,Poorly soluble,High,No,Yes,No,No,No,No,Yes,-3.85,0,4,0,1,1,0.55,0,2,3,6.73
Hypericum perforatum,Paxanthone,COc1cc2oc3cc(O)cc(c3c(=O)c2c2c1OC(C)(C)C=C2)O,C19H16O6,340.33,25,14,0.21,1,6,2,94.65,89.13,3.02,3.7,3.44,1.17,3.4,2.95,-4.63,7.99E-03,2.35E-05,Moderately soluble,-5.26,1.86E-03,5.46E-06,Moderately soluble,-5.1,2.72E-03,8.00E-06,Moderately soluble,High,No,No,Yes,No,Yes,Yes,Yes,-5.75,0,0,0,0,0,0.55,0,1,1,3.77
Hypericum perforatum,"1,3,7-Trihydroxy-6-methoxy-8-prenylxanthone",COc1cc2oc3cc(O)cc(c3c(=O)c2c(c1O)CC=C(C)C)O,C19H18O6,342.34,25,14,0.21,3,6,3,96.27,100.13,3.05,4.35,3.58,1.17,3.71,3.17,-4.92,4.12E-03,1.20E-05,Moderately soluble,-6.17,2.33E-04,6.79E-07,Poorly soluble,-4.92,4.07E-03,1.19E-05,Moderately soluble,High,No,No,Yes,No,Yes,Yes,No,-5.3,0,0,0,0,0,0.55,0,2,1,3.41
Hypericum perforatum,5-Methoxytryptamine,NCCc1c[nH]c2c1cc(OC)cc2,C11H14N2O,190.24,14,9,0.27,3,2,2,57.27,51.04,1.78,1.81,1.68,0.94,2.44,1.73,-2.44,6.95E-01,3.65E-03,Soluble,-2.5,6.00E-01,3.15E-03,Soluble,-3.86,2.60E-02,1.37E-04,Soluble,High,Yes,No,Yes,No,No,No,No,-6.18,0,0,0,0,1,0.55,0,0,1,1.58
Hypericum perforatum,Adhyperfirin,CCC(C(=O)[C@]12C(=O)C(=C([C@@](C1=O)(CC=C(C)C)CC[C@@]2(C)CCC=C(C)C)O)CC=C(C)C)C,C31H46O4,482.69,35,0,0.65,10,4,1,146.4,71.44,4.89,8.31,7.8,3.91,8.52,6.69,-7.41,1.89E-05,3.91E-08,Poorly soluble,-9.67,1.02E-07,2.11E-10,Poorly soluble,-7.13,3.55E-05,7.36E-08,Poorly soluble,Low,No,Yes,No,No,No,No,Yes,-3.34,0,4,0,1,1,0.85,0,2,3,6.92
Urtica dioica,Formic acid,OC=O,CH2O2,46.03,3,0,0,0,2,1,9.08,37.3,0.27,-0.2,-0.3,-1.13,-0.23,-0.32,0,4.61E+01,1.00E+00,Highly soluble,-0.13,3.44E+01,7.47E-01,Very soluble,0.97,4.33E+02,9.40E+00,Soluble,High,No,No,No,No,No,No,No,-6.72,0,3,0,0,2,0.85,0,1,1,1
Urtica dioica,Histamine,NCCc1cnc[nH]1,C5H9N3,111.15,8,5,0.4,2,2,2,31.07,54.7,0.67,-0.58,-0.09,-0.94,0.86,-0.02,-0.49,3.56E+01,3.20E-01,Very soluble,-0.1,8.87E+01,7.98E-01,Very soluble,-1.62,2.64E+00,2.38E-02,Soluble,High,No,No,No,No,No,No,No,-7.39,0,3,0,0,1,0.55,0,0,1,1.62
Urtica dioica,Scopoletin,COc1cc2ccc(=O)oc2cc1O,C10H8O4,192.17,14,10,0.1,1,4,1,51,59.67,1.86,1.53,1.51,0.76,1.94,1.52,-2.46,6.70E-01,3.48E-03,Soluble,-2.39,7.79E-01,4.06E-03,Soluble,-3.17,1.31E-01,6.81E-04,Soluble,High,Yes,No,Yes,No,No,No,No,-6.39,0,0,0,0,1,0.55,0,1,1,2.62
Urtica dioica,Cubebin,O[C@H]1OC[C@@H]([C@H]1Cc1ccc2c(c1)OCO2)Cc1ccc2c(c1)OCO2,C20H20O6,356.37,26,12,0.4,4,6,1,92.19,66.38,3.18,3.38,2.51,2.38,3.46,2.98,-4.26,1.97E-02,5.54E-05,Moderately soluble,-4.45,1.26E-02,3.53E-05,Moderately soluble,-4.77,6.07E-03,1.70E-05,Moderately soluble,High,Yes,No,Yes,Yes,Yes,Yes,Yes,-6.07,0,0,0,0,0,0.55,0,0,1,3.9
Urtica dioica,Vanillin,COc1cc(C=O)ccc1O,C8H8O3,152.15,11,6,0.12,2,3,1,40.34,46.53,1.57,1.21,1.21,0.51,1.49,1.2,-1.82,2.32E+00,1.52E-02,Very soluble,-1.78,2.50E+00,1.64E-02,Very soluble,-1.88,2.00E+00,1.32E-02,Soluble,High,Yes,No,No,No,No,No,No,-6.37,0,2,0,0,1,0.55,0,1,1,1.15
Urtica dioica,methyl phenyl ketone,CC(=O)c1ccccc1,C8H8O,120.15,9,6,0.12,1,1,0,36.64,17.07,1.64,1.58,1.89,1.78,2.19,1.82,-2.01,1.18E+00,9.83E-03,Soluble,-1.55,3.39E+00,2.82E-02,Very soluble,-2.68,2.49E-01,2.07E-03,Soluble,High,Yes,No,Yes,No,No,No,No,-5.91,0,3,0,0,2,0.55,0,0,1,1
Urtica dioica,Sinapic acid,COc1cc(/C=C/C(=O)O)cc(c1O)OC,C11H12O5,224.21,16,6,0.18,4,5,2,58.12,75.99,1.63,1.46,1.4,0.73,1.33,1.31,-2.16,1.54E+00,6.86E-03,Soluble,-2.66,4.88E-01,2.18E-03,Soluble,-1.55,6.33E+00,2.82E-02,Soluble,High,No,No,No,No,No,No,No,-6.63,0,0,0,0,0,0.56,0,1,1,2.17
Urtica dioica,Isolariciresinol,OC[C@@H]1Cc2cc(OC)c(cc2[C@@H]([C@@H]1CO)c1ccc(c(c1)OC)O)O,C20H24O6,360.4,26,12,0.4,5,6,4,97.33,99.38,2.44,2.05,2.02,1.17,2.53,2.04,-3.38,1.51E-01,4.19E-04,Soluble,-3.77,6.18E-02,1.72E-04,Soluble,-4.05,3.21E-02,8.91E-05,Moderately soluble,High,No,Yes,No,No,No,Yes,No,-7.04,0,0,0,0,0,0.55,0,0,1,3.89
Urtica dioica,Quinic acid,O[C@@H]1[C@@H](O)C[C@](C[C@@H]1O)(O)C(=O)O,C7H12O6,192.17,13,0,0.86,1,6,5,40.11,118.22,0.48,-2.37,-2.32,-2.14,-1.82,-1.63,0.53,6.48E+02,3.37E+00,Highly soluble,0.43,5.12E+02,2.66E+00,Highly soluble,2.08,2.30E+04,1.20E+02,Soluble,Low,No,No,No,No,No,No,No,-9.15,0,1,0,0,2,0.56,0,0,1,3.34
Withania somnifera ,Cadaverine,NCCCCCN,C5H14N2,102.18,7,0,1,4,2,2,31.56,52.04,1.39,-0.58,0.07,0.23,-0.11,0.2,0.16,1.46E+02,1.43E+00,Highly soluble,-0.04,9.27E+01,9.07E-01,Very soluble,-1.11,7.93E+00,7.76E-02,Soluble,High,No,No,No,No,No,No,No,-7.34,0,2,0,0,1,0.55,0,0,1,1
Withania somnifera ,Anapheline,O=C(C[C@H]1CCCCN1)C[C@H]1CCCCN1,C13H24N2O,224.34,16,0,0.92,4,3,2,74.01,41.13,2.75,0.78,0.86,1.34,2.44,1.63,-1.46,7.81E+00,3.48E-02,Very soluble,-1.22,1.34E+01,5.97E-02,Very soluble,-3.06,1.94E-01,8.63E-04,Soluble,High,Yes,Yes,No,No,No,No,No,-7.11,0,0,0,0,0,0.55,0,0,1,2.6
Withania somnifera ,Cuscohygrine,O=C(C[C@@H]1CCCN1C)C[C@H]1CCCN1C,C13H24N2O,224.34,16,0,0.92,4,3,0,74.2,23.55,2.9,1,0.76,1.34,1.77,1.55,-1.6,5.68E+00,2.53E-02,Very soluble,-1.08,1.85E+01,8.25E-02,Very soluble,-1.85,3.17E+00,1.41E-02,Soluble,High,Yes,No,No,No,No,No,No,-6.96,0,0,0,0,0,0.55,0,0,1,2.6
Withania somnifera ,Pelletierine,CC(=O)C[C@H]1CCCCN1,C8H15NO,141.21,10,0,0.88,2,2,1,45.37,29.1,2.03,0.36,0.73,0.76,1.69,1.11,-0.81,2.19E+01,1.55E-01,Very soluble,-0.54,4.11E+01,2.91E-01,Very soluble,-1.8,2.22E+00,1.57E-02,Soluble,High,Yes,No,No,No,No,No,No,-6.91,0,1,0,0,1,0.55,0,0,1,1.79
Withania somnifera ,Calystegin B2,O[C@H]1[C@@H]2CC[C@](N2)([C@H]([C@H]1O)O)O,C7H13NO4,175.18,12,0,1,0,5,5,42.94,92.95,0,-2.43,-2.86,-1.59,-1.61,-1.7,0.6,7.05E+02,4.03E+00,Highly soluble,1.02,1.83E+03,1.04E+01,Highly soluble,1.36,4.06E+03,2.32E+01,Soluble,Low,No,Yes,No,No,No,No,No,-9.09,0,1,0,0,2,0.55,0,0,1,4.05
Withania somnifera ,Pseudotropine,O[C@@H]1C[C@@H]2CC[C@H](C1)N2C,C8H15NO,141.21,10,0,1,0,2,1,44.31,23.47,2.02,0.75,0.22,0.9,0.6,0.9,-1.19,9.16E+00,6.49E-02,Very soluble,-0.82,2.13E+01,1.51E-01,Very soluble,-0.25,7.94E+01,5.62E-01,Soluble,High,No,No,No,No,No,No,No,-6.63,0,1,0,0,1,0.55,0,0,1,3.05
Withania somnifera ,Tropine,O[C@@H]1C[C@@H]2CC[C@H](C1)N2C,C8H15NO,141.21,10,0,1,0,2,1,44.31,23.47,2.02,0.75,0.22,0.9,0.6,0.9,-1.19,9.16E+00,6.49E-02,Very soluble,-0.82,2.13E+01,1.51E-01,Very soluble,-0.25,7.94E+01,5.62E-01,Soluble,High,No,No,No,No,No,No,No,-6.63,0,1,0,0,1,0.55,0,0,1,3.05
Withania somnifera ,Withasomnine,c1ccc(cc1)c1cnn2c1CCC2,C12H12N2,184.24,14,11,0.25,1,1,0,56.58,17.82,2.1,2.22,2.5,2.34,2.68,2.37,-2.9,2.34E-01,1.27E-03,Soluble,-2.23,1.09E+00,5.90E-03,Soluble,-3.76,3.22E-02,1.75E-04,Soluble,High,Yes,Yes,Yes,No,No,No,No,-5.85,0,0,0,0,1,0.55,0,0,1,2.2
Withania somnifera ,beta-Sitosterol,CC[C@@H](C(C)C)CC[C@H]([C@H]1CC[C@@H]2[C@]1(C)CC[C@H]1[C@H]2CC=C2[C@]1(C)CC[C@@H](C2)O)C,C29H50O,414.71,30,0,0.93,6,1,1,133.23,20.23,5.05,9.34,8.02,6.73,7.04,7.24,-7.9,5.23E-06,1.26E-08,Poorly soluble,-9.67,8.90E-08,2.15E-10,Poorly soluble,-6.19,2.69E-04,6.49E-07,Poorly soluble,Low,No,No,No,No,No,No,No,-2.2,1,3,0,1,2,0.55,0,1,2,6.3
Withania somnifera ,Withaferin A,OCC1=C(C)C[C@@H](OC1=O)[C@H]([C@H]1CC[C@@H]2[C@]1(C)CC[C@H]1[C@H]2C[C@@H]2[C@]3([C@]1(C)C(=O)C=C[C@@H]3O)O2)C,C28H38O6,470.6,34,0,0.79,3,6,2,127.49,96.36,3.24,3.83,3.35,2.75,3.93,3.42,-4.97,5.01E-03,1.07E-05,Moderately soluble,-5.55,1.33E-03,2.82E-06,Moderately soluble,-3.79,7.54E-02,1.60E-04,Soluble,High,No,Yes,No,No,No,No,No,-6.45,0,1,0,0,0,0.55,0,1,2,6.83
Withania somnifera ,Withaferin D,CC1=C(C)C(=O)O[C@H](C1)[C@@]([C@H]1CC[C@@H]2[C@]1(C)CC[C@H]1[C@H]2C[C@@H]2[C@]3([C@]1(C)C(=O)C=C[C@@H]3O)O2)(O)C,C28H38O6,470.6,34,0,0.79,2,6,2,127.53,96.36,3.8,3.12,3.5,2.75,3.78,3.39,-4.59,1.21E-02,2.56E-05,Moderately soluble,-4.81,7.25E-03,1.54E-05,Moderately soluble,-3.78,7.85E-02,1.67E-04,Soluble,High,No,Yes,No,No,No,No,No,-6.96,0,1,0,0,0,0.55,0,1,1,6.85
Withania somnifera ,"2,3-Dihydrowithaferin A",OCC1=C(C)C[C@@H](OC1=O)[C@H]([C@H]1CC[C@@H]2[C@@]1(C)CC[C@H]1[C@H]2C[C@@H]2[C@]3([C@]1(C)C(=O)CC[C@@H]3O)O2)C,C28H40O6,472.61,34,0,0.86,3,6,2,127.96,96.36,3.53,3.82,3.58,2.84,4.34,3.62,-4.98,4.96E-03,1.05E-05,Moderately soluble,-5.54,1.37E-03,2.89E-06,Moderately soluble,-4.26,2.59E-02,5.48E-05,Moderately soluble,High,No,Yes,No,No,No,No,No,-6.47,0,1,0,0,0,0.55,0,1,2,6.75
Withania somnifera ,Withanolide A,CC1=C(C)C(=O)O[C@H](C1)[C@@]([C@H]1CC[C@@H]2[C@]1(C)CC[C@H]1[C@H]2[C@@H]2O[C@@H]2[C@@]2([C@]1(C)C(=O)C=CC2)O)(O)C,C28H38O6,470.6,34,0,0.79,2,6,2,127.53,96.36,3.68,3.25,3.5,2.75,3.78,3.39,-4.67,9.99E-03,2.12E-05,Moderately soluble,-4.95,5.31E-03,1.13E-05,Moderately soluble,-3.78,7.85E-02,1.67E-04,Soluble,High,No,Yes,No,No,No,No,No,-6.86,0,1,0,0,0,0.55,0,1,1,6.39
Anisomeles indica,4-hydroxybenzoic acid,Oc1ccc(cc1)C(=O)O,C7H6O3,138.12,10,6,0,1,3,2,35.42,57.53,0.85,1.58,1.09,0.99,0.74,1.05,-2.07,1.18E+00,8.52E-03,Soluble,-2.4,5.51E-01,3.99E-03,Soluble,-1.17,9.40E+00,6.81E-02,Soluble,High,Yes,No,No,No,No,No,No,-6.02,0,3,0,0,1,0.85,0,0,1,1
Anisomeles indica,Lignoceric acid,CCCCCCCCCCCCCCCCCCCCCCCC(=O)O,C24H48O2,368.64,26,0,0.96,22,2,1,119.25,37.3,5.62,11.46,8.67,6,8.77,8.1,-7.89,4.71E-06,1.28E-08,Poorly soluble,-12.23,2.19E-10,5.94E-13,Insoluble,-8.49,1.18E-06,3.21E-09,Poorly soluble,Low,No,No,Yes,No,No,No,No,-0.41,1,2,1,1,2,0.85,0,0,3,3.24
Anisomeles indica,Palmitic acid,CCCCCCCCCCCCCCCC(=O)O,C16H32O2,256.42,18,0,0.94,14,2,1,80.8,37.3,3.85,7.17,5.55,4.19,5.25,5.2,-5.02,2.43E-03,9.49E-06,Moderately soluble,-7.77,4.31E-06,1.68E-08,Poorly soluble,-5.31,1.25E-03,4.88E-06,Moderately soluble,High,Yes,No,Yes,No,Yes,No,No,-2.77,1,0,1,0,1,0.85,0,0,2,2.31
Anisomeles indica,Octadecanoic acid,CCCCCCCCCCCCCCCCCC(=O)O,C18H36O2,284.48,20,0,0.94,16,2,1,90.41,37.3,4.3,8.23,6.33,4.67,6.13,5.93,-5.73,5.26E-04,1.85E-06,Moderately soluble,-8.87,3.80E-07,1.33E-09,Poorly soluble,-6.11,2.19E-04,7.71E-07,Poorly soluble,High,No,No,Yes,No,No,No,No,-2.19,1,1,1,1,2,0.85,0,0,2,2.54
Anisomeles indica,Arjunolic acid,OC[C@]1(C)[C@@H](O)[C@H](O)C[C@]2([C@H]1CC[C@@]1([C@@H]2CC=C2[C@@]1(C)CC[C@@]1([C@H]2CC(CC1)(C)C)C(=O)O)C)C,C30H48O5,488.7,35,0,0.9,2,5,4,138.98,97.99,3.11,5.84,5.18,4.14,4.35,4.52,-6.42,1.87E-04,3.83E-07,Poorly soluble,-7.67,1.05E-05,2.14E-08,Poorly soluble,-4.72,9.21E-03,1.88E-05,Moderately soluble,High,No,Yes,No,No,No,No,No,-5.13,0,3,0,0,1,0.56,0,1,2,6.45
Anisomeles indica,Hederagenin,OC[C@]1(C)[C@@H](O)CC[C@]2([C@H]1CC[C@@]1([C@@H]2CC=C2[C@@]1(C)CC[C@@]1([C@H]2CC(CC1)(C)C)C(=O)O)C)C,C30H48O4,472.7,34,0,0.9,2,4,3,137.82,77.76,3.48,6.82,6.21,4.97,5.24,5.34,-6.94,5.49E-05,1.16E-07,Poorly soluble,-8.26,2.59E-06,5.48E-09,Poorly soluble,-5.55,1.34E-03,2.83E-06,Moderately soluble,High,No,Yes,No,No,No,No,No,-4.34,1,3,0,1,1,0.56,0,1,2,6.24
Anisomeles indica,Maslinic acid,O[C@@H]1C[C@@]2(C)[C@H](C([C@H]1O)(C)C)CC[C@@]1([C@@H]2CC=C2[C@@]1(C)CC[C@@]1([C@@H]2CC(C)(C)CC1)C(=O)O)C,C30H48O4,472.7,34,0,0.9,1,4,3,137.82,77.76,3.37,6.51,6.2,4.97,4.96,5.2,-6.81,7.39E-05,1.56E-07,Poorly soluble,-7.94,5.43E-06,1.15E-08,Poorly soluble,-5.3,2.37E-03,5.02E-06,Moderately soluble,High,No,Yes,No,No,No,No,No,-4.56,1,3,0,1,1,0.56,0,1,2,6.22
Anisomeles indica,Methyl 4-hydroxy cinnamate,COC(=O)/C=C/c1ccc(cc1)O,C10H10O3,178.18,13,6,0.1,3,3,1,49.45,46.53,2,2.26,1.47,1.59,1.73,1.81,-2.51,5.48E-01,3.08E-03,Soluble,-2.87,2.38E-01,1.34E-03,Soluble,-1.99,1.84E+00,1.03E-02,Soluble,High,Yes,No,No,No,No,No,No,-5.78,0,0,0,0,1,0.55,0,1,1,1.84
Anisomeles indica,Ovatodiolide,C/C/1=C\CCC2=C[C@@H](OC2=O)C/C(=C/[C@H]2[C@@H](CC1)C(=C)C(=O)O2)/C,C20H24O4,328.4,24,0,0.5,0,4,0,92.59,52.6,2.83,2.39,3.79,3.36,3.33,3.14,-3.38,1.36E-01,4.15E-04,Soluble,-3.14,2.40E-01,7.31E-04,Soluble,-3.56,9.11E-02,2.77E-04,Soluble,High,Yes,No,No,Yes,Yes,No,No,-6.61,0,0,0,0,0,0.55,0,3,0,5.76
Oroxylum indicum,Aloe emodin,OCc1cc(O)c2c(c1)C(=O)c1c(C2=O)c(O)ccc1,C15H10O5,270.24,20,12,0.07,1,5,3,69.92,94.83,1.96,1.82,1.21,0.1,2.42,1.5,-3.04,2.46E-01,9.12E-04,Soluble,-3.43,1.00E-01,3.70E-04,Soluble,-3.92,3.22E-02,1.19E-04,Soluble,High,No,No,Yes,No,No,No,Yes,-6.66,0,0,0,0,0,0.55,1,0,0,2.6
Oroxylum indicum,Chrysin,Oc1cc(O)c2c(c1)oc(cc2=O)c1ccccc1,C15H10O4,254.24,19,16,0,1,4,2,71.97,70.67,2.27,3.52,2.87,1.08,3.02,2.55,-4.19,1.64E-02,6.44E-05,Moderately soluble,-4.69,5.22E-03,2.05E-05,Moderately soluble,-4.98,2.64E-03,1.04E-05,Moderately soluble,High,Yes,No,Yes,No,No,Yes,Yes,-5.35,0,0,0,0,0,0.55,0,0,1,2.93
Oroxylum indicum,Oroxylin A,COc1c(O)cc2c(c1O)c(=O)cc(o2)c1ccccc1,C16H12O5,284.26,21,16,0.06,2,5,2,78.46,79.9,2.61,3.49,2.88,0.77,3.03,2.56,-4.23,1.66E-02,5.85E-05,Moderately soluble,-4.85,4.01E-03,1.41E-05,Moderately soluble,-5.1,2.25E-03,7.91E-06,Moderately soluble,High,No,No,Yes,No,Yes,Yes,Yes,-5.56,0,0,0,0,0,0.55,0,0,0,3.1
Oroxylum indicum,Scutellarein,Oc1ccc(cc1)c1cc(=O)c2c(o1)cc(c(c2O)O)O,C15H10O6,286.24,21,16,0,1,6,4,76.01,111.13,2.08,2.66,2.28,-0.03,2.03,1.81,-3.79,4.66E-02,1.63E-04,Soluble,-4.65,6.48E-03,2.26E-05,Moderately soluble,-3.82,4.29E-02,1.50E-04,Soluble,High,No,No,Yes,No,No,Yes,Yes,-6.16,0,0,0,0,0,0.55,1,1,0,3.04
Oroxylum indicum,Baicalein 6-glucoside,OC[C@H]1O[C@@H](Oc2c(O)cc3c(c2O)c(=O)cc(o3)c2ccccc2)[C@@H]([C@H]([C@@H]1O)O)O,C21H20O10,432.38,31,16,0.29,4,10,6,106.11,170.05,1.71,0.86,0.05,-1.61,0.35,0.27,-3.18,2.85E-01,6.60E-04,Soluble,-4.01,4.18E-02,9.67E-05,Moderately soluble,-2.69,8.77E-01,2.03E-03,Soluble,Low,No,No,No,No,No,No,No,-8.33,1,0,1,1,2,0.55,0,0,1,5.11
Oroxylum indicum,Baicalein 6-glucuronide,O[C@@H]1[C@@H](O)[C@@H](O[C@@H]([C@H]1O)C(=O)O)Oc1c(O)cc2c(c1O)c(=O)cc(o2)c1ccccc1,C21H18O11,446.36,32,16,0.24,4,11,6,106.72,187.12,1.15,1.11,0.14,-1.63,-0.1,0.13,-3.41,1.73E-01,3.87E-04,Soluble,-4.63,1.04E-02,2.33E-05,Moderately soluble,-2.22,2.67E+00,5.98E-03,Soluble,Low,No,Yes,No,No,No,No,No,-8.23,2,0,1,1,3,0.11,0,0,1,5.04
Oroxylum indicum,Hexyl oroxylopterocarpan,CCCCCC[C@H]1Oc2c(C1)cc1c(c2)OC[C@@H]2[C@H]1Oc1c2cc(cc1)O,C23H26O4,366.45,27,12,0.48,5,4,1,104.86,47.92,3.91,5.59,4.95,3.46,5.21,4.62,-5.63,8.54E-04,2.33E-06,Moderately soluble,-6.36,1.61E-04,4.38E-07,Poorly soluble,-6.6,9.14E-05,2.49E-07,Poorly soluble,High,Yes,Yes,No,Yes,Yes,Yes,Yes,-4.57,0,0,0,0,1,0.55,0,0,2,4.51
Oroxylum indicum,Dodecanyl oroxylopterocarpan,CCCCCCCCCCCC[C@]1(C)Cc2c(O1)cc1c(c2)[C@@H]2Oc3c([C@@H]2CO1)cccc3,C30H40O3,448.64,33,12,0.6,11,3,0,136.52,27.69,5.91,9.38,7.98,5.46,8.6,7.47,-8.07,3.78E-06,8.43E-09,Poorly soluble,-9.87,6.10E-08,1.36E-10,Poorly soluble,-10.14,3.25E-08,7.24E-11,Insoluble,Low,No,Yes,No,No,No,Yes,No,-2.38,1,3,1,1,1,0.55,0,0,3,5.28
Oroxylum indicum,Heptyl oroxylopterocarpan,CCCCCCC[C@@H]1Oc2c(C1)cc1c(c2)OC[C@@H]2[C@H]1Oc1c2cc(cc1)O,C24H28O4,380.48,28,12,0.5,6,4,1,109.67,47.92,4.13,6.13,5.34,3.68,5.6,4.98,-5.98,3.97E-04,1.04E-06,Moderately soluble,-6.92,4.59E-05,1.21E-07,Poorly soluble,-7,3.83E-05,1.01E-07,Poorly soluble,High,Yes,Yes,No,No,Yes,Yes,Yes,-4.27,0,0,0,0,1,0.55,0,0,2,4.63
Tinospora cordifolia,Magnoflorine,COc1ccc2c(c1O)c1c(O)c(OC)cc3c1[C@H](C2)[N+](C)(C)CC3,C20H24NO4,342.41,25,12,0.4,2,4,2,101.87,58.92,-0.66,2.74,2.31,-1.71,3.01,1.14,-3.91,4.19E-02,1.22E-04,Soluble,-3.63,7.99E-02,2.33E-04,Soluble,-5.69,7.04E-04,2.06E-06,Moderately soluble,High,Yes,Yes,Yes,No,No,No,Yes,-6.44,0,0,0,0,0,0.55,0,1,0,3.78
Tinospora cordifolia,(+)-Reticuline,COc1ccc(cc1O)C[C@@H]1N(C)CCc2c1cc(O)c(c2)OC,C19H23NO4,329.39,24,12,0.37,4,5,2,97.01,62.16,3.32,3.01,2.18,1.75,2.92,2.64,-3.88,4.30E-02,1.30E-04,Soluble,-3.98,3.45E-02,1.05E-04,Soluble,-4.72,6.25E-03,1.90E-05,Moderately soluble,High,Yes,Yes,Yes,No,No,Yes,No,-6.17,0,0,0,0,0,0.55,0,0,0,3.07
Tinospora cordifolia,(+)-N-Methylcoclaurine,COc1cc2CCN([C@H](c2cc1O)Cc1ccc(cc1)O)C,C18H21NO3,299.36,22,12,0.33,3,4,2,90.52,52.93,2.78,3.04,2.17,2.08,2.87,2.59,-3.82,4.56E-02,1.52E-04,Soluble,-3.82,4.56E-02,1.52E-04,Soluble,-4.61,7.35E-03,2.45E-05,Moderately soluble,High,Yes,Yes,No,No,No,Yes,No,-5.97,0,0,0,0,0,0.55,0,0,0,2.92
Tinospora cordifolia,N-trans-feruloyltyramine,COc1cc(/C=C/C(=O)NCCc2ccc(cc2)O)ccc1O,C18H19NO4,313.35,23,12,0.17,7,4,3,88.98,78.79,2.58,2.1,2.37,1.89,3.01,2.39,-3.03,2.93E-01,9.34E-04,Soluble,-3.38,1.29E-01,4.12E-04,Soluble,-4.78,5.26E-03,1.68E-05,Moderately soluble,High,No,No,No,No,No,Yes,Yes,-6.72,0,0,0,0,0,0.55,0,1,0,2.55
Tinospora cordifolia,Tembetarine,COc1ccc(cc1O)C[C@H]1c2cc(O)c(cc2CC[N]1(C)C)OC,C20H26NO4,344.42,25,12,0.4,4,4,2,102.87,62.16,-0.31,3.03,2.35,1.98,2.98,2,-3.98,3.64E-02,1.06E-04,Soluble,-4,3.44E-02,9.98E-05,Moderately soluble,-5.82,5.24E-04,1.52E-06,Moderately soluble,High,Yes,Yes,No,No,No,Yes,Yes,-6.25,0,0,0,0,0,0.55,0,0,0,3.21
Tinospora cordifolia,(+)-Corytuberine,COc1ccc2c(c1O)c1c(O)c(OC)cc3c1[C@H](C2)N(C)CC3,C19H21NO4,327.37,24,12,0.37,2,5,2,96,62.16,3.01,2.24,2.16,1.75,2.95,2.42,-3.52,9.91E-02,3.03E-04,Soluble,-3.18,2.16E-01,6.59E-04,Soluble,-4.59,8.41E-03,2.57E-05,Moderately soluble,High,Yes,Yes,Yes,No,No,Yes,Yes,-6.71,0,0,0,0,0,0.55,0,0,0,3.64
Tinospora cordifolia,Coclaurine,COc1cc2CCN[C@H](c2cc1O)Cc1ccc(cc1)O,C17H19NO3,285.34,21,12,0.29,3,4,3,85.62,61.72,2.6,2.58,1.83,1.84,2.94,2.36,-3.46,9.91E-02,3.47E-04,Soluble,-3.52,8.53E-02,2.99E-04,Soluble,-4.94,3.25E-03,1.14E-05,Moderately soluble,High,Yes,Yes,No,No,No,Yes,No,-6.21,0,0,0,0,0,0.55,0,0,0,2.78
Tinospora cordifolia,S)-Norcoclaurine,Oc1ccc(cc1)C[C@@H]1NCCc2c1cc(O)c(c2)O,C16H17NO3,271.31,20,12,0.25,2,4,4,81.15,72.72,2,2.25,1.53,1.6,2.42,1.96,-3.25,1.52E-01,5.60E-04,Soluble,-3.41,1.05E-01,3.86E-04,Soluble,-4.25,1.54E-02,5.68E-05,Moderately soluble,High,No,Yes,No,No,No,Yes,No,-6.36,0,0,0,0,0,0.55,1,1,0,2.62
Tinospora cordifolia,N-trans-Feruloyl tyramine,COc1cc(/C=C/C(=O)NCCc2ccc(cc2)O)ccc1O,C18H19NO4,313.35,23,12,0.17,7,4,3,88.98,78.79,2.58,2.1,2.37,1.89,3.01,2.39,-3.03,2.93E-01,9.34E-04,Soluble,-3.38,1.29E-01,4.12E-04,Soluble,-4.78,5.26E-03,1.68E-05,Moderately soluble,High,No,No,No,No,No,Yes,Yes,-6.72,0,0,0,0,0,0.55,0,1,0,2.55
Tinospora cordifolia,Tinocordifolin,CC1=CC(=O)[C@]2([C@@H](CC1)[C@@H]([C@@H]1[C@H]2O1)C(O)(C)C)C,C15H22O3,250.33,18,0,0.8,1,3,1,69.63,49.83,2.68,1.37,2.09,1.75,2.51,2.08,-2.19,1.62E+00,6.47E-03,Soluble,-2.02,2.39E+00,9.57E-03,Soluble,-2.12,1.88E+00,7.52E-03,Soluble,High,Yes,No,No,No,No,No,No,-6.85,0,0,0,0,0,0.55,0,1,0,4.56
Tinospora cordifolia,Tinocordifolioside,OC[C@H]1O[C@@H](OC([C@@H]2[C@H]3O[C@H]3[C@@]3([C@H]2CCC(=CC3=O)C)C)(C)C)[C@@H]([C@H]([C@@H]1O)O)O,C21H32O8,412.47,29,0,0.86,4,8,4,102.01,128.98,2.74,-0.22,-0.09,-0.51,0.48,0.48,-1.99,4.18E+00,1.01E-02,Very soluble,-2.03,3.84E+00,9.30E-03,Soluble,-0.43,1.55E+02,3.75E-01,Soluble,High,No,Yes,No,No,No,No,No,-8.97,0,0,0,0,0,0.55,0,1,1,5.95
Tinospora cordifolia,Tinocordiside,OC[C@H]1O[C@@H](OC([C@H]2CC[C@@]3([C@H]4[C@@H]2[C@H]3C(=O)C=C4C)C)(C)C)[C@@H]([C@H]([C@@H]1O)O)O,C21H32O7,396.47,28,0,0.86,4,7,4,100.93,116.45,0,0.23,0.39,0.28,0.62,0.3,-2.18,2.63E+00,6.62E-03,Soluble,-2.24,2.31E+00,5.82E-03,Soluble,-0.7,7.91E+01,2.00E-01,Soluble,High,No,Yes,No,No,No,No,No,-8.56,0,0,0,0,0,0.55,0,0,1,5.95
Tinospora cordifolia,4-Hydroxyphenylacetaldehyde,O=CCc1ccc(cc1)O,C8H8O2,136.15,10,6,0.12,2,2,1,38.44,37.3,0.98,0.53,1.13,1.12,1.83,1.12,-1.33,6.37E+00,4.68E-02,Very soluble,-0.88,1.78E+01,1.30E-01,Very soluble,-2.14,9.77E-01,7.18E-03,Soluble,High,Yes,No,No,No,No,No,No,-6.75,0,3,0,0,1,0.55,0,1,1,1
Tinospora cordifolia,4-Hydroxyphenylpyruvate,Oc1ccc(cc1)CC(=O)C(=O)O,C9H8O4,180.16,13,6,0.11,3,4,2,45.02,74.6,0.7,0.91,0.59,0.43,0.95,0.72,-1.67,3.82E+00,2.12E-02,Very soluble,-2.06,1.56E+00,8.67E-03,Soluble,-1.55,5.10E+00,2.83E-02,Soluble,High,No,No,No,No,No,No,No,-6.75,0,0,0,0,1,0.85,0,1,1,1.17
Tinospora cordifolia,3'-Hydroxy-7-O-methylcoclaurine,COc1cc2CCN([C@H](c2cc1O)Cc1ccc(c(c1)O)O)C,C18H21NO4,315.36,23,12,0.33,3,5,3,92.54,73.16,2.59,2.69,1.88,1.52,2.38,2.21,-3.68,6.62E-02,2.10E-04,Soluble,-3.88,4.17E-02,1.32E-04,Soluble,-4.03,2.96E-02,9.40E-05,Moderately soluble,High,Yes,Yes,No,No,No,Yes,No,-6.31,0,0,0,0,0,0.55,1,1,0,2.96
Rubia cordifolia,Alizarin,O=C1c2ccccc2C(=O)c2c1ccc(c2O)O,C14H8O4,240.21,18,12,0,0,4,2,63.8,74.6,1.85,3.16,1.87,0.67,2.55,2.02,-3.81,3.69E-02,1.54E-04,Soluble,-4.4,9.63E-03,4.01E-05,Moderately soluble,-4.1,1.91E-02,7.94E-05,Moderately soluble,High,Yes,No,Yes,No,No,No,Yes,-5.52,0,0,0,0,0,0.55,2,1,1,2.35
Rubia cordifolia,1-Hydroxy-2-methoxyanthraquinone,COc1ccc2c(c1O)C(=O)c1c(C2=O)cccc1,C15H10O4,254.24,19,12,0.07,1,4,1,68.26,63.6,2.12,3.03,2.18,0.92,3.06,2.26,-3.73,4.77E-02,1.88E-04,Soluble,-4.03,2.37E-02,9.31E-05,Moderately soluble,-4.8,4.03E-03,1.58E-05,Moderately soluble,High,Yes,No,Yes,No,No,No,Yes,-5.7,0,0,0,0,0,0.55,1,0,0,2.47
Rubia cordifolia,Digiferrugineol,OCc1ccc2c(c1O)C(=O)c1c(C2=O)cccc1,C15H10O4,254.24,19,12,0.07,1,4,2,67.9,74.6,1.91,2.63,1.51,0.66,2.91,1.92,-3.47,8.53E-02,3.35E-04,Soluble,-3.85,3.62E-02,1.42E-04,Soluble,-4.5,8.00E-03,3.15E-05,Moderately soluble,High,No,No,Yes,No,No,No,Yes,-5.98,0,0,0,0,0,0.55,1,0,0,2.53
Rubia cordifolia,Pseudopurpurin,O=C1c2ccccc2C(=O)c2c1c(O)c(c(c2O)O)C(=O)O,C15H8O7,300.22,22,12,0,1,7,4,72.78,132.13,-0.07,2.98,1.28,-0.24,1.48,1.09,-3.92,3.64E-02,1.21E-04,Soluble,-5.42,1.15E-03,3.82E-06,Moderately soluble,-2.88,3.94E-01,1.31E-03,Soluble,High,No,No,No,No,No,No,No,-6.02,0,0,0,1,0,0.56,2,2,0,2.69
Rubia cordifolia,Purpurin,Oc1c(O)cc(c2c1C(=O)c1ccccc1C2=O)O,C14H8O5,256.21,19,12,0,0,5,3,65.82,94.83,1.82,3.83,1.58,0.11,2.05,1.88,-4.31,1.26E-02,4.91E-05,Moderately soluble,-5.52,7.79E-04,3.04E-06,Moderately soluble,-3.52,7.70E-02,3.01E-04,Soluble,High,No,No,Yes,No,No,No,Yes,-5.14,0,0,0,0,0,0.55,2,2,1,2.44
Rubia cordifolia,Rubiadin,O=C1c2ccccc2C(=O)c2c1c(O)c(c(c2)O)C,C15H10O4,254.24,19,12,0.07,0,4,2,68.76,74.6,1.94,3.07,2.18,0.92,3.04,2.23,-3.82,3.87E-02,1.52E-04,Soluble,-4.3,1.26E-02,4.97E-05,Moderately soluble,-4.49,8.32E-03,3.27E-05,Moderately soluble,High,Yes,No,Yes,No,No,No,Yes,-5.67,0,0,0,0,0,0.55,1,0,0,2.52
Rubia cordifolia,2-Methylanthraquinone,Cc1ccc2c(c1)C(=O)c1c(C2=O)cccc1,C15H10O2,222.24,17,12,0.07,0,2,0,64.72,34.14,2.2,3.94,2.77,2.12,4.04,3.01,-4.22,1.33E-02,5.99E-05,Moderately soluble,-4.36,9.78E-03,4.40E-05,Moderately soluble,-5.64,5.13E-04,2.31E-06,Moderately soluble,High,Yes,No,Yes,Yes,No,No,No,-4.86,0,0,0,0,0,0.55,1,0,2,2.22
Rubia cordifolia,"3,3'-bis(3,4-dihydro-4-hydroxy-6-methoxy-2H-1-benzopyran)",COc1ccc2c(c1)[C@H](O)[C@@H](CO2)[C@H]1COc2c([C@H]1O)cc(cc2)OC,C20H22O6,358.39,26,12,0.4,3,6,2,94.38,77.38,3.18,1.86,1.84,1.17,2.41,2.09,-3.38,1.50E-01,4.19E-04,Soluble,-3.11,2.81E-01,7.83E-04,Soluble,-4.19,2.29E-02,6.40E-05,Moderately soluble,High,No,Yes,No,No,No,Yes,No,-7.17,0,0,0,0,0,0.55,0,0,1,4.15
Rubia cordifolia,Furomollugin,COC(=O)c1c(O)c2ccccc2c2c1cco2,C14H10O4,242.23,18,13,0.07,2,4,1,67.02,59.67,2.01,3.62,3.08,1.71,2.81,2.64,-4.02,2.29E-02,9.44E-05,Moderately soluble,-4.56,6.66E-03,2.75E-05,Moderately soluble,-4.47,8.21E-03,3.39E-05,Moderately soluble,High,Yes,No,Yes,No,No,No,No,-5.21,0,0,0,0,0,0.55,0,0,2,2.55
Rubia cordifolia,Mollugin,COC(=O)c1c2C=CC(Oc2c2c(c1O)cccc2)(C)C,C17H16O4,284.31,21,10,0.24,2,4,1,81.37,55.76,2.87,4.14,3.41,2.54,3.31,3.25,-4.43,1.05E-02,3.70E-05,Moderately soluble,-5.02,2.73E-03,9.59E-06,Moderately soluble,-4.44,1.04E-02,3.66E-05,Moderately soluble,High,Yes,No,Yes,Yes,Yes,No,No,-5.09,0,0,0,0,0,0.55,0,0,1,3.41
Rubia cordifolia,6-Hydroxyrubiadin,Oc1ccc2c(c1)C(=O)c1c(C2=O)c(O)c(c(c1)O)C,C15H10O5,270.24,20,12,0.07,0,5,3,70.78,94.83,1.6,2.72,1.89,0.36,2.55,1.82,-3.67,5.74E-02,2.12E-04,Soluble,-4.37,1.17E-02,4.31E-05,Moderately soluble,-3.91,3.36E-02,1.24E-04,Soluble,High,No,No,Yes,No,No,No,Yes,-6.02,0,0,0,0,0,0.55,1,0,0,2.55
Rubia cordifolia,Nordamnacanthal,O=Cc1c(O)cc2c(c1O)C(=O)c1c(C2=O)cccc1,C15H8O5,268.22,20,12,0,1,5,2,69.18,91.67,1.08,2.72,1.69,0.02,2.73,1.65,-3.59,6.82E-02,2.54E-04,Soluble,-4.3,1.35E-02,5.03E-05,Moderately soluble,-4.04,2.43E-02,9.06E-05,Moderately soluble,High,No,No,No,No,No,No,Yes,-6,0,0,0,0,0,0.55,1,1,0,2.52
Rubia cordifolia,Munjistin,O=C1c2ccccc2C(=O)c2c1c(O)c(c(c2)O)C(=O)O,C15H8O6,284.22,21,12,0,1,6,3,70.75,111.9,0.98,2.79,1.57,0.29,1.96,1.52,-3.72,5.46E-02,1.92E-04,Soluble,-4.8,4.54E-03,1.60E-05,Moderately soluble,-3.46,9.79E-02,3.44E-04,Soluble,High,No,No,No,No,No,No,No,-6.05,0,0,0,0,0,0.56,1,0,0,2.6
Rubia cordifolia,Soranjidiol,Oc1ccc2c(c1)C(=O)c1c(C2=O)c(O)c(cc1)C,C15H10O4,254.24,19,12,0.07,0,4,2,68.76,74.6,1.88,3.07,2.18,0.92,3.04,2.22,-3.82,3.87E-02,1.52E-04,Soluble,-4.3,1.26E-02,4.97E-05,Moderately soluble,-4.49,8.32E-03,3.27E-05,Moderately soluble,High,Yes,No,Yes,No,No,No,Yes,-5.67,0,0,0,0,0,0.55,1,0,0,2.48
Tribulus terrestris,Caffeoyl tyramine,O=C(/C=C/c1ccc(c(c1)O)O)NCCc1ccc(cc1)O,C17H17NO4,299.32,22,12,0.12,6,4,4,84.51,89.79,2,2.36,2.07,1.65,2.46,2.11,-3.19,1.93E-01,6.45E-04,Soluble,-3.89,3.89E-02,1.30E-04,Soluble,-4.08,2.50E-02,8.34E-05,Moderately soluble,High,No,No,No,No,Yes,Yes,Yes,-6.45,0,0,0,0,0,0.55,1,2,0,2.43
Tribulus terrestris,Harmaline,COc1ccc2c(c1)[nH]c1c2CCN=C1C,C13H14N2O,214.26,16,9,0.31,1,2,1,69.23,37.38,2.11,2.07,2.16,1.41,4.1,2.37,-2.82,3.22E-01,1.50E-03,Soluble,-2.48,7.03E-01,3.28E-03,Soluble,-4.67,4.59E-03,2.14E-05,Moderately soluble,High,Yes,Yes,Yes,No,No,Yes,No,-6.14,0,0,0,0,0,0.55,0,0,1,2.58
Tribulus terrestris,Harmane,Cc1nccc2c1[nH]c1c2cccc1,C12H10N2,182.22,14,13,0.08,0,1,1,58.57,28.68,1.75,3.28,3.02,1.9,3.53,2.7,-3.72,3.45E-02,1.89E-04,Soluble,-3.56,5.05E-02,2.77E-04,Soluble,-4.97,1.94E-03,1.06E-05,Moderately soluble,High,Yes,Yes,Yes,No,No,No,Yes,-5.08,0,0,0,0,1,0.55,0,0,1,1.5
Tribulus terrestris,Harmine,COc1ccc2c(c1)[nH]c1c2ccnc1C,C13H12N2O,212.25,16,13,0.15,1,2,1,65.06,37.91,2.07,3.74,3.03,1.56,3.49,2.78,-4.05,1.90E-02,8.97E-05,Moderately soluble,-4.23,1.25E-02,5.91E-05,Moderately soluble,-5.11,1.66E-03,7.80E-06,Moderately soluble,High,Yes,No,Yes,No,No,Yes,Yes,-4.94,0,0,0,0,0,0.55,0,0,2,1.66
Tribulus terrestris,Perlolyrin,OCc1ccc(o1)c1nccc2c1[nH]c1c2cccc1,C16H12N2O2,264.28,20,18,0.06,2,3,2,77.43,62.05,2.36,2.23,3.32,1.02,3.81,2.55,-3.42,1.01E-01,3.82E-04,Soluble,-3.17,1.79E-01,6.79E-04,Soluble,-6.15,1.88E-04,7.10E-07,Poorly soluble,High,Yes,Yes,Yes,No,No,Yes,Yes,-6.33,0,0,0,0,0,0.55,0,0,0,2.98
Tribulus terrestris,Gitogenin,C[C@@H]1CC[C@@]2(OC1)O[C@@H]1[C@H]([C@@H]2C)[C@@]2([C@@H](C1)[C@@H]1CC[C@@H]3[C@]([C@H]1CC2)(C)C[C@H]([C@@H](C3)O)O)C,C27H44O4,432.64,31,0,1,0,4,2,123.23,58.92,4.12,5.52,4.76,4.23,3.4,4.41,-6,4.33E-04,1.00E-06,Moderately soluble,-6.52,1.32E-04,3.04E-07,Poorly soluble,-3.69,8.87E-02,2.05E-04,Soluble,High,Yes,Yes,No,No,No,No,No,-5.02,1,1,0,0,1,0.55,0,0,2,7
Tribulus terrestris,Hecogenin,C[C@@H]1CC[C@@]2(OC1)O[C@@H]1[C@H]([C@@H]2C)[C@@]2([C@@H](C1)[C@H]1CC[C@@H]3[C@]([C@H]1CC2=O)(C)CC[C@@H](C3)O)C,C27H42O4,430.62,31,0,0.96,0,4,1,122.27,55.76,4.28,4.83,4.97,4.09,3.99,4.43,-5.55,1.21E-03,2.80E-06,Moderately soluble,-5.73,7.94E-04,1.84E-06,Moderately soluble,-4.38,1.78E-02,4.13E-05,Moderately soluble,High,Yes,Yes,No,No,No,No,No,-5.5,0,1,0,0,0,0.55,0,0,2,6.7
Tribulus terrestris,Tigogenin,C[C@@H]1CC[C@@]2(OC1)O[C@@H]1[C@H]([C@@H]2C)[C@@]2([C@@H](C1)[C@@H]1CC[C@@H]3[C@]([C@H]1CC2)(C)CC[C@@H](C3)O)C,C27H44O3,416.64,30,0,1,0,3,1,122.07,38.69,4.53,6.49,5.79,5.08,4.3,5.24,-6.51,1.28E-04,3.08E-07,Poorly soluble,-7.1,3.32E-05,7.97E-08,Poorly soluble,-4.51,1.29E-02,3.10E-05,Moderately soluble,High,Yes,No,No,No,No,No,No,-4.23,1,2,0,0,1,0.55,0,0,2,6.88
Tribulus terrestris,Bipolaramide,O=C1N2[C@H](Cc3c2c(O)ccc3)C(=O)N2[C@@H]1Cc1c2c(O)ccc1,C18H14N2O4,322.31,24,12,0.22,0,4,2,93.09,81.08,2.47,1.6,0.57,1.36,0.92,1.38,-3.22,1.96E-01,6.08E-04,Soluble,-2.91,3.93E-01,1.22E-03,Soluble,-3.38,1.33E-01,4.12E-04,Soluble,High,No,Yes,Yes,No,No,Yes,No,-7.13,0,0,0,0,0,0.55,0,0,0,3.11
Tribulus terrestris,Norharman,c1ccc2c(c1)[nH]c1c2ccnc1,C11H8N2,168.19,13,13,0,0,1,1,53.6,28.68,1.43,3.17,2.72,1.62,3.09,2.41,-3.62,4.04E-02,2.40E-04,Soluble,-3.44,6.06E-02,3.61E-04,Soluble,-4.58,4.43E-03,2.64E-05,Moderately soluble,High,Yes,Yes,Yes,No,No,No,Yes,-5.08,0,0,0,0,1,0.55,0,0,1,1.46
Tribulus terrestris,N-trans-Coumaroyltyramine,O=C(/C=C/c1ccc(cc1)O)NCCc1ccc(cc1)O,C17H17NO3,283.32,21,12,0.12,6,3,3,82.49,69.56,2.05,2.72,2.36,2.22,2.94,2.46,-3.34,1.30E-01,4.60E-04,Soluble,-3.83,4.15E-02,1.46E-04,Soluble,-4.66,6.20E-03,2.19E-05,Moderately soluble,High,Yes,No,No,No,No,Yes,Yes,-6.1,0,0,0,0,0,0.55,0,1,0,2.28
Tribulus terrestris,N-p-Coumaroyltyramine,O=C(/C=C/c1ccc(cc1)O)NCCc1ccc(cc1)O,C17H17NO3,283.32,21,12,0.12,6,3,3,82.49,69.56,2.05,2.72,2.36,2.22,2.94,2.46,-3.34,1.30E-01,4.60E-04,Soluble,-3.83,4.15E-02,1.46E-04,Soluble,-4.66,6.20E-03,2.19E-05,Moderately soluble,High,Yes,No,No,No,No,Yes,Yes,-6.1,0,0,0,0,0,0.55,0,1,0,2.28
Tribulus terrestris,N-cis-Feruloyloctopamine,COc1cc(/C=C/C(=O)NC[C@@H](c2ccc(cc2)O)O)ccc1O,C18H19NO5,329.35,24,12,0.17,7,5,4,90.14,99.02,2.22,1.75,1.54,1.08,2.24,1.76,-2.89,4.22E-01,1.28E-03,Soluble,-3.45,1.18E-01,3.58E-04,Soluble,-3.83,4.82E-02,1.46E-04,Soluble,High,No,No,No,No,No,Yes,No,-7.07,0,0,0,0,0,0.55,0,1,0,3.05
Tribulus terrestris,Terrestriamide,COc1cc(/C=C/C(=O)NCC(=O)c2ccc(cc2)O)ccc1O,C18H17NO5,327.33,24,12,0.11,7,5,3,89.4,95.86,0,2.32,2.01,1,2.56,1.58,-3.24,1.89E-01,5.77E-04,Soluble,-3.97,3.49E-02,1.07E-04,Soluble,-4.31,1.60E-02,4.89E-05,Moderately soluble,High,No,No,No,No,No,No,Yes,-6.65,0,0,0,0,0,0.55,0,1,0,2.55
Tribulus terrestris,Hecogenone,C[C@@H]1CC[C@@]2(OC1)O[C@@H]1[C@H]([C@@H]2C)[C@@]2([C@@H](C1)[C@H]1CC[C@@H]3[C@]([C@H]1CC2=O)(C)CCC(=O)C3)C,C27H40O4,428.6,31,0,0.93,0,4,0,121.31,52.6,3.88,4.41,5.18,3.98,4.58,4.41,-5.28,2.27E-03,5.30E-06,Moderately soluble,-5.23,2.51E-03,5.86E-06,Moderately soluble,-5.08,3.56E-03,8.32E-06,Moderately soluble,High,Yes,No,No,No,No,No,No,-5.78,0,1,0,0,0,0.55,0,0,2,6.57
Tribulus terrestris,Ferulamide,COc1cc(/C=C/C(=O)N)ccc1O,C10H11NO3,193.2,14,6,0.1,3,3,2,52.76,72.55,1.55,0.86,0.79,0.6,1.02,0.96,-1.7,3.87E+00,2.00E-02,Very soluble,-1.97,2.08E+00,1.08E-02,Very soluble,-1.63,4.50E+00,2.33E-02,Soluble,High,No,No,No,No,No,No,No,-6.87,0,0,0,0,1,0.55,0,1,1,1.98
Tribulus terrestris,Indoleacetic acid,OC(=O)Cc1c[nH]c2c1cccc2,C10H9NO2,175.18,13,9,0.1,2,2,2,49.84,53.09,1.01,1.41,1.79,1.11,2.21,1.51,-2.19,1.12E+00,6.39E-03,Soluble,-2.13,1.30E+00,7.43E-03,Soluble,-3.06,1.53E-01,8.75E-04,Soluble,High,Yes,No,No,No,No,No,No,-6.37,0,0,0,0,1,0.85,0,0,1,1.45
Tribulus terrestris,Methyl indole-3-acetate,COC(=O)Cc1c[nH]c2c1cccc2,C11H11NO2,189.21,14,9,0.18,3,2,1,54.16,42.09,1.82,1.74,1.88,1.4,2.7,1.91,-2.39,7.76E-01,4.10E-03,Soluble,-2.24,1.09E+00,5.75E-03,Soluble,-3.77,3.24E-02,1.71E-04,Soluble,High,Yes,No,Yes,No,No,No,No,-6.22,0,0,0,0,1,0.55,0,0,1,1.65
Tribulus terrestris,Glycine,NCC(=O)O,C2H5NO2,75.07,5,0,0.5,1,3,2,16.21,63.32,0.37,-3.21,-0.97,-3.58,-1.04,-1.69,1.78,4.55E+03,6.07E+01,Highly soluble,2.45,2.12E+04,2.82E+02,Highly soluble,0.83,5.10E+02,6.79E+00,Soluble,High,No,No,No,No,No,No,No,-9.04,0,4,0,0,3,0.55,0,0,1,1
Tribulus terrestris,Spermidine,NCCCNCCCCN,C7H19N3,145.25,10,0,1,7,3,3,43.98,64.07,0,-1.01,-0.34,0.08,0.03,-0.25,0.36,3.31E+02,2.28E+00,Highly soluble,0.15,2.06E+02,1.42E+00,Highly soluble,-2.02,1.37E+00,9.44E-03,Soluble,High,No,No,No,No,No,No,No,-7.9,0,1,0,0,1,0.55,0,0,1,1.42
Tribulus terrestris,Vignafuran,COc1cc(O)ccc1c1cc2c(o1)cc(cc2)OC,C16H14O4,270.28,20,15,0.12,3,4,1,76.66,51.83,2.81,3.57,3.82,1.71,3.49,3.08,-4.12,2.04E-02,7.55E-05,Moderately soluble,-4.34,1.22E-02,4.53E-05,Moderately soluble,-5.49,8.85E-04,3.27E-06,Moderately soluble,High,Yes,No,Yes,Yes,No,Yes,Yes,-5.41,0,0,0,0,0,0.55,0,0,1,3.12
Tribulus terrestris,Coumestrol,Oc1ccc2c(c1)oc(=O)c1c2oc2c1ccc(c2)O,C15H8O5,268.22,20,17,0,0,5,2,73.81,83.81,1.8,2.76,3.1,1.76,2.88,2.46,-3.87,3.61E-02,1.35E-04,Soluble,-4.18,1.79E-02,6.68E-05,Moderately soluble,-5.03,2.51E-03,9.38E-06,Moderately soluble,High,No,No,Yes,No,No,Yes,No,-5.98,0,0,0,0,0,0.55,0,1,0,3.16
Tribulus terrestris,Kievitone,CC(=CCc1c(O)cc(c2c1OC[C@H](C2=O)c1ccc(cc1O)O)O)C,C20H20O6,356.37,26,12,0.25,3,6,4,97.31,107.22,2.24,4.13,3.38,1.28,3.27,2.86,-4.79,5.71E-03,1.60E-05,Moderately soluble,-6.09,2.91E-04,8.16E-07,Poorly soluble,-4.07,3.04E-02,8.53E-05,Moderately soluble,High,No,No,Yes,No,Yes,Yes,Yes,-5.54,0,0,0,0,0,0.55,0,1,2,3.85
Tribulus terrestris,Medicarpin,COc1ccc2c(c1)O[C@@H]1[C@H]2COc2c1ccc(c2)O,C16H14O4,270.28,20,12,0.25,1,4,1,73.17,47.92,2.57,2.77,2.69,1.87,2.75,2.53,-3.64,6.21E-02,2.30E-04,Soluble,-3.43,1.00E-01,3.70E-04,Soluble,-4.31,1.32E-02,4.90E-05,Moderately soluble,High,Yes,Yes,Yes,Yes,No,Yes,Yes,-5.98,0,0,0,0,0,0.55,0,0,0,3.54
Tribulus terrestris,Phaseollidin,CC(=CCc1c(O)ccc2c1O[C@@H]1[C@H]2COc2c1ccc(c2)O)C,C20H20O4,324.37,24,12,0.3,2,4,2,92.42,58.92,3.21,4.21,3.89,2.73,3.9,3.59,-4.74,5.88E-03,1.81E-05,Moderately soluble,-5.16,2.26E-03,6.96E-06,Moderately soluble,-4.85,4.55E-03,1.40E-05,Moderately soluble,High,Yes,Yes,Yes,Yes,Yes,Yes,Yes,-5.29,0,0,0,0,0,0.55,0,1,1,4.02
Tribulus terrestris,Phaseolin,Oc1ccc2c(c1)OC[C@@H]1[C@H]2Oc2c1ccc1c2C=CC(O1)(C)C,C20H18O4,322.35,24,12,0.3,0,4,1,90.8,47.92,3.12,3.56,3.75,2.73,3.61,3.35,-4.45,1.14E-02,3.54E-05,Moderately soluble,-4.25,1.81E-02,5.60E-05,Moderately soluble,-5.03,3.04E-03,9.44E-06,Moderately soluble,High,Yes,Yes,Yes,Yes,No,Yes,Yes,-5.74,0,0,0,0,0,0.55,0,0,1,4.23
Tribulus terrestris,Orobanchyl acetate,O=C1O[C@H]2[C@@H](/C/1=C\O[C@@H]1OC(=O)C(=C1)C)C=C1[C@@]2(O)C(C)(C)CCC1,C19H22O6,346.37,25,0,0.58,2,6,1,88.16,82.06,2.8,1.97,2.14,1.98,2.33,2.24,-3.1,2.77E-01,8.01E-04,Soluble,-3.32,1.66E-01,4.80E-04,Soluble,-2.4,1.37E+00,3.94E-03,Soluble,High,No,No,No,No,Yes,No,No,-7.01,0,0,0,0,0,0.56,0,4,0,5.1
Tribulus terrestris,Dolichin A,CC(=C)[C@@H](Cc1c(O)ccc2c1O[C@@H]1[C@H]2COc2c1ccc(c2)O)O,C20H20O5,340.37,25,12,0.3,3,5,3,93.58,79.15,2.61,3.16,2.86,1.9,3.29,2.76,-4.1,2.71E-02,7.97E-05,Moderately soluble,-4.49,1.10E-02,3.22E-05,Moderately soluble,-4.29,1.76E-02,5.18E-05,Moderately soluble,High,No,Yes,No,No,No,Yes,No,-6.13,0,0,0,0,0,0.55,0,1,0,4.13
Tribulus terrestris,Terrestribisamide,c1c(c(cc(c1)/C=C/C(=O)NCCCCNC(=O)/C=C/c1cc(c(cc1)O)OC)OC)O,C24H28N2O6,440.49,32,12,0.25,13,6,4,122.83,117.12,3.43,2.97,2.64,1.34,3.75,2.82,-3.86,6.06E-02,1.38E-04,Soluble,-5.09,3.56E-03,8.08E-06,Moderately soluble,-5.71,8.69E-04,1.97E-06,Moderately soluble,High,No,No,No,No,Yes,Yes,Yes,-6.88,0,0,1,0,0,0.55,0,1,2,3.18
Tribulus terrestris,"25R-Spirostan-4-ene-3,6,12-trione",C1C(=O)C=C2[C@](C1)([C@@H]1[C@H](CC2=O)[C@H]2[C@](C(=O)C1)([C@@H]1[C@H](C2)O[C@]2([C@H]1C)OC[C@@H](CC2)C)C)C,C27H36O5,440.57,32,0,0.81,0,5,0,121.03,69.67,3.38,3.04,4.28,2.96,4.25,3.58,-4.49,1.44E-02,3.26E-05,Moderately soluble,-4.17,2.99E-02,6.78E-05,Moderately soluble,-4.94,5.07E-03,1.15E-05,Moderately soluble,High,Yes,Yes,No,No,No,No,No,-6.83,0,0,0,0,0,0.55,0,0,1,6.55
